{
"type": "FeatureCollection",
"name": "training_hex_grid",
"crs": { "type": "name", "properties": { "name": "urn:ogc:def:crs:EPSG::6931" } },
"features": [
{ "type": "Feature", "properties": { }, "geometry": { "type": "Polygon", "coordinates": [ [ [ -4416981.296248436905444, -3282452.675221892539412 ], [ -4586885.72073314897716, -3184358.310009135864675 ], [ -4586885.72073314897716, -2988169.579583621583879 ], [ -4416981.296248436905444, -2890075.214370864443481 ], [ -4247076.871763724833727, -2988169.579583621583879 ], [ -4247076.871763724833727, -3184358.310009135864675 ], [ -4416981.296248436905444, -3282452.675221892539412 ] ] ] } },
{ "type": "Feature", "properties": { }, "geometry": { "type": "Polygon", "coordinates": [ [ [ -4416981.296248436905444, -2693886.483945350162685 ], [ -4586885.72073314897716, -2595792.118732593487948 ], [ -4586885.72073314897716, -2399603.388307079207152 ], [ -4416981.296248436905444, -2301509.023094322066754 ], [ -4247076.871763724833727, -2399603.388307079207152 ], [ -4247076.871763724833727, -2595792.118732593487948 ], [ -4416981.296248436905444, -2693886.483945350162685 ] ] ] } },
{ "type": "Feature", "properties": { }, "geometry": { "type": "Polygon", "coordinates": [ [ [ -4416981.296248436905444, -2105320.292668808251619 ], [ -4586885.72073314897716, -2007225.927456051111221 ], [ -4586885.72073314897716, -1811037.197030537063256 ], [ -4416981.296248436905444, -1712942.831817779922858 ], [ -4247076.871763724833727, -1811037.197030537063256 ], [ -4247076.871763724833727, -2007225.927456051111221 ], [ -4416981.296248436905444, -2105320.292668808251619 ] ] ] } },
{ "type": "Feature", "properties": { }, "geometry": { "type": "Polygon", "coordinates": [ [ [ -4416981.296248436905444, -1516754.101392265874892 ], [ -4586885.72073314897716, -1418659.736179508734494 ], [ -4586885.72073314897716, -1222471.005753994453698 ], [ -4416981.296248436905444, -1124376.6405412373133 ], [ -4247076.871763724833727, -1222471.005753994453698 ], [ -4247076.871763724833727, -1418659.736179508734494 ], [ -4416981.296248436905444, -1516754.101392265874892 ] ] ] } },
{ "type": "Feature", "properties": { }, "geometry": { "type": "Polygon", "coordinates": [ [ [ -4416981.296248436905444, -928187.910115723614581 ], [ -4586885.72073314897716, -830093.544902966357768 ], [ -4586885.72073314897716, -633904.814477452542633 ], [ -4416981.296248436905444, -535810.44926469551865 ], [ -4247076.871763724833727, -633904.814477452542633 ], [ -4247076.871763724833727, -830093.544902966357768 ], [ -4416981.296248436905444, -928187.910115723614581 ] ] ] } },
{ "type": "Feature", "properties": { }, "geometry": { "type": "Polygon", "coordinates": [ [ [ -4416981.296248436905444, -339621.718839181237854 ], [ -4586885.72073314897716, -241527.353626423981041 ], [ -4586885.72073314897716, -45338.623200910165906 ], [ -4416981.296248436905444, 52755.742011846887181 ], [ -4247076.871763724833727, -45338.623200910165906 ], [ -4247076.871763724833727, -241527.353626423981041 ], [ -4416981.296248436905444, -339621.718839181237854 ] ] ] } },
{ "type": "Feature", "properties": { }, "geometry": { "type": "Polygon", "coordinates": [ [ [ -4416981.296248436905444, 248944.472437361167977 ], [ -4586885.72073314897716, 347038.837650117930025 ], [ -4586885.72073314897716, 543227.568075632210821 ], [ -4416981.296248436905444, 641321.933288389234804 ], [ -4247076.871763724833727, 543227.568075632210821 ], [ -4247076.871763724833727, 347038.837650117930025 ], [ -4416981.296248436905444, 248944.472437361167977 ] ] ] } },
{ "type": "Feature", "properties": { }, "geometry": { "type": "Polygon", "coordinates": [ [ [ -4416981.296248436905444, 837510.6637139035156 ], [ -4586885.72073314897716, 935605.028926660772413 ], [ -4586885.72073314897716, 1131793.759352175053209 ], [ -4416981.296248436905444, 1229888.124564932193607 ], [ -4247076.871763724833727, 1131793.759352175053209 ], [ -4247076.871763724833727, 935605.028926660772413 ], [ -4416981.296248436905444, 837510.6637139035156 ] ] ] } },
{ "type": "Feature", "properties": { }, "geometry": { "type": "Polygon", "coordinates": [ [ [ -4416981.296248436905444, 1426076.854990445543081 ], [ -4586885.72073314897716, 1524171.220203202683479 ], [ -4586885.72073314897716, 1720359.950628716964275 ], [ -4416981.296248436905444, 1818454.315841474104673 ], [ -4247076.871763724833727, 1720359.950628716964275 ], [ -4247076.871763724833727, 1524171.220203202683479 ], [ -4416981.296248436905444, 1426076.854990445543081 ] ] ] } },
{ "type": "Feature", "properties": { }, "geometry": { "type": "Polygon", "coordinates": [ [ [ -4416981.296248436905444, 2014643.046266988385469 ], [ -4586885.72073314897716, 2112737.411479745525867 ], [ -4586885.72073314897716, 2308926.14190525887534 ], [ -4416981.296248436905444, 2407020.507118016015738 ], [ -4247076.871763724833727, 2308926.14190525887534 ], [ -4247076.871763724833727, 2112737.411479745525867 ], [ -4416981.296248436905444, 2014643.046266988385469 ] ] ] } },
{ "type": "Feature", "properties": { }, "geometry": { "type": "Polygon", "coordinates": [ [ [ -4416981.296248436905444, 2603209.237543530296534 ], [ -4586885.72073314897716, 2701303.602756287436932 ], [ -4586885.72073314897716, 2897492.333181801717728 ], [ -4416981.296248436905444, 2995586.698394558858126 ], [ -4247076.871763724833727, 2897492.333181801717728 ], [ -4247076.871763724833727, 2701303.602756287436932 ], [ -4416981.296248436905444, 2603209.237543530296534 ] ] ] } },
{ "type": "Feature", "properties": { }, "geometry": { "type": "Polygon", "coordinates": [ [ [ -4416981.296248436905444, 3191775.428820073138922 ], [ -4586885.72073314897716, 3289869.794032829347998 ], [ -4586885.72073314897716, 3486058.524458343628794 ], [ -4416981.296248436905444, 3584152.889671100769192 ], [ -4247076.871763724833727, 3486058.524458343628794 ], [ -4247076.871763724833727, 3289869.794032829347998 ], [ -4416981.296248436905444, 3191775.428820073138922 ] ] ] } },
{ "type": "Feature", "properties": { }, "geometry": { "type": "Polygon", "coordinates": [ [ [ -4416981.296248436905444, 3780341.620096615049988 ], [ -4586885.72073314897716, 3878435.985309372190386 ], [ -4586885.72073314897716, 4074624.715734886471182 ], [ -4416981.296248436905444, 4172719.08094764361158 ], [ -4247076.871763724833727, 4074624.715734886471182 ], [ -4247076.871763724833727, 3878435.985309372190386 ], [ -4416981.296248436905444, 3780341.620096615049988 ] ] ] } },
{ "type": "Feature", "properties": { }, "geometry": { "type": "Polygon", "coordinates": [ [ [ -4247076.871763724833727, -3576735.770860163960606 ], [ -4416981.296248436905444, -3478641.405647406820208 ], [ -4416981.296248436905444, -3282452.675221892539412 ], [ -4247076.871763724833727, -3184358.310009135864675 ], [ -4077172.447279012296349, -3282452.675221892539412 ], [ -4077172.447279012296349, -3478641.405647406820208 ], [ -4247076.871763724833727, -3576735.770860163960606 ] ] ] } },
{ "type": "Feature", "properties": { }, "geometry": { "type": "Polygon", "coordinates": [ [ [ -4247076.871763724833727, -2988169.579583621583879 ], [ -4416981.296248436905444, -2890075.214370864443481 ], [ -4416981.296248436905444, -2693886.483945350162685 ], [ -4247076.871763724833727, -2595792.118732593487948 ], [ -4077172.447279012296349, -2693886.483945350162685 ], [ -4077172.447279012296349, -2890075.214370864443481 ], [ -4247076.871763724833727, -2988169.579583621583879 ] ] ] } },
{ "type": "Feature", "properties": { }, "geometry": { "type": "Polygon", "coordinates": [ [ [ -4247076.871763724833727, -2399603.388307079207152 ], [ -4416981.296248436905444, -2301509.023094322066754 ], [ -4416981.296248436905444, -2105320.292668808251619 ], [ -4247076.871763724833727, -2007225.927456051111221 ], [ -4077172.447279012296349, -2105320.292668808251619 ], [ -4077172.447279012296349, -2301509.023094322066754 ], [ -4247076.871763724833727, -2399603.388307079207152 ] ] ] } },
{ "type": "Feature", "properties": { }, "geometry": { "type": "Polygon", "coordinates": [ [ [ -4247076.871763724833727, -1811037.197030537063256 ], [ -4416981.296248436905444, -1712942.831817779922858 ], [ -4416981.296248436905444, -1516754.101392265874892 ], [ -4247076.871763724833727, -1418659.736179508734494 ], [ -4077172.447279012296349, -1516754.101392265874892 ], [ -4077172.447279012296349, -1712942.831817779922858 ], [ -4247076.871763724833727, -1811037.197030537063256 ] ] ] } },
{ "type": "Feature", "properties": { }, "geometry": { "type": "Polygon", "coordinates": [ [ [ -4247076.871763724833727, -1222471.005753994453698 ], [ -4416981.296248436905444, -1124376.6405412373133 ], [ -4416981.296248436905444, -928187.910115723614581 ], [ -4247076.871763724833727, -830093.544902966357768 ], [ -4077172.447279012296349, -928187.910115723614581 ], [ -4077172.447279012296349, -1124376.6405412373133 ], [ -4247076.871763724833727, -1222471.005753994453698 ] ] ] } },
{ "type": "Feature", "properties": { }, "geometry": { "type": "Polygon", "coordinates": [ [ [ -4247076.871763724833727, -633904.814477452542633 ], [ -4416981.296248436905444, -535810.44926469551865 ], [ -4416981.296248436905444, -339621.718839181237854 ], [ -4247076.871763724833727, -241527.353626423981041 ], [ -4077172.447279012296349, -339621.718839181237854 ], [ -4077172.447279012296349, -535810.44926469551865 ], [ -4247076.871763724833727, -633904.814477452542633 ] ] ] } },
{ "type": "Feature", "properties": { }, "geometry": { "type": "Polygon", "coordinates": [ [ [ -4247076.871763724833727, -45338.623200910165906 ], [ -4416981.296248436905444, 52755.742011846887181 ], [ -4416981.296248436905444, 248944.472437361167977 ], [ -4247076.871763724833727, 347038.837650117930025 ], [ -4077172.447279012296349, 248944.472437361167977 ], [ -4077172.447279012296349, 52755.742011846887181 ], [ -4247076.871763724833727, -45338.623200910165906 ] ] ] } },
{ "type": "Feature", "properties": { }, "geometry": { "type": "Polygon", "coordinates": [ [ [ -4247076.871763724833727, 543227.568075632210821 ], [ -4416981.296248436905444, 641321.933288389234804 ], [ -4416981.296248436905444, 837510.6637139035156 ], [ -4247076.871763724833727, 935605.028926660772413 ], [ -4077172.447279012296349, 837510.6637139035156 ], [ -4077172.447279012296349, 641321.933288389234804 ], [ -4247076.871763724833727, 543227.568075632210821 ] ] ] } },
{ "type": "Feature", "properties": { }, "geometry": { "type": "Polygon", "coordinates": [ [ [ -4247076.871763724833727, 1131793.759352175053209 ], [ -4416981.296248436905444, 1229888.124564932193607 ], [ -4416981.296248436905444, 1426076.854990445543081 ], [ -4247076.871763724833727, 1524171.220203202683479 ], [ -4077172.447279012296349, 1426076.854990445543081 ], [ -4077172.447279012296349, 1229888.124564932193607 ], [ -4247076.871763724833727, 1131793.759352175053209 ] ] ] } },
{ "type": "Feature", "properties": { }, "geometry": { "type": "Polygon", "coordinates": [ [ [ -4247076.871763724833727, 1720359.950628716964275 ], [ -4416981.296248436905444, 1818454.315841474104673 ], [ -4416981.296248436905444, 2014643.046266988385469 ], [ -4247076.871763724833727, 2112737.411479745525867 ], [ -4077172.447279012296349, 2014643.046266988385469 ], [ -4077172.447279012296349, 1818454.315841474104673 ], [ -4247076.871763724833727, 1720359.950628716964275 ] ] ] } },
{ "type": "Feature", "properties": { }, "geometry": { "type": "Polygon", "coordinates": [ [ [ -4247076.871763724833727, 2308926.14190525887534 ], [ -4416981.296248436905444, 2407020.507118016015738 ], [ -4416981.296248436905444, 2603209.237543530296534 ], [ -4247076.871763724833727, 2701303.602756287436932 ], [ -4077172.447279012296349, 2603209.237543530296534 ], [ -4077172.447279012296349, 2407020.507118016015738 ], [ -4247076.871763724833727, 2308926.14190525887534 ] ] ] } },
{ "type": "Feature", "properties": { }, "geometry": { "type": "Polygon", "coordinates": [ [ [ -4247076.871763724833727, 2897492.333181801717728 ], [ -4416981.296248436905444, 2995586.698394558858126 ], [ -4416981.296248436905444, 3191775.428820073138922 ], [ -4247076.871763724833727, 3289869.794032829347998 ], [ -4077172.447279012296349, 3191775.428820073138922 ], [ -4077172.447279012296349, 2995586.698394558858126 ], [ -4247076.871763724833727, 2897492.333181801717728 ] ] ] } },
{ "type": "Feature", "properties": { }, "geometry": { "type": "Polygon", "coordinates": [ [ [ -4247076.871763724833727, 3486058.524458343628794 ], [ -4416981.296248436905444, 3584152.889671100769192 ], [ -4416981.296248436905444, 3780341.620096615049988 ], [ -4247076.871763724833727, 3878435.985309372190386 ], [ -4077172.447279012296349, 3780341.620096615049988 ], [ -4077172.447279012296349, 3584152.889671100769192 ], [ -4247076.871763724833727, 3486058.524458343628794 ] ] ] } },
{ "type": "Feature", "properties": { }, "geometry": { "type": "Polygon", "coordinates": [ [ [ -4077172.447279012296349, -3282452.675221892539412 ], [ -4247076.871763724833727, -3184358.310009135864675 ], [ -4247076.871763724833727, -2988169.579583621583879 ], [ -4077172.447279012296349, -2890075.214370864443481 ], [ -3907268.022794300224632, -2988169.579583621583879 ], [ -3907268.022794300224632, -3184358.310009135864675 ], [ -4077172.447279012296349, -3282452.675221892539412 ] ] ] } },
{ "type": "Feature", "properties": { }, "geometry": { "type": "Polygon", "coordinates": [ [ [ -4077172.447279012296349, -2693886.483945350162685 ], [ -4247076.871763724833727, -2595792.118732593487948 ], [ -4247076.871763724833727, -2399603.388307079207152 ], [ -4077172.447279012296349, -2301509.023094322066754 ], [ -3907268.022794300224632, -2399603.388307079207152 ], [ -3907268.022794300224632, -2595792.118732593487948 ], [ -4077172.447279012296349, -2693886.483945350162685 ] ] ] } },
{ "type": "Feature", "properties": { }, "geometry": { "type": "Polygon", "coordinates": [ [ [ -4077172.447279012296349, -2105320.292668808251619 ], [ -4247076.871763724833727, -2007225.927456051111221 ], [ -4247076.871763724833727, -1811037.197030537063256 ], [ -4077172.447279012296349, -1712942.831817779922858 ], [ -3907268.022794300224632, -1811037.197030537063256 ], [ -3907268.022794300224632, -2007225.927456051111221 ], [ -4077172.447279012296349, -2105320.292668808251619 ] ] ] } },
{ "type": "Feature", "properties": { }, "geometry": { "type": "Polygon", "coordinates": [ [ [ -4077172.447279012296349, -1516754.101392265874892 ], [ -4247076.871763724833727, -1418659.736179508734494 ], [ -4247076.871763724833727, -1222471.005753994453698 ], [ -4077172.447279012296349, -1124376.6405412373133 ], [ -3907268.022794300224632, -1222471.005753994453698 ], [ -3907268.022794300224632, -1418659.736179508734494 ], [ -4077172.447279012296349, -1516754.101392265874892 ] ] ] } },
{ "type": "Feature", "properties": { }, "geometry": { "type": "Polygon", "coordinates": [ [ [ -4077172.447279012296349, -928187.910115723614581 ], [ -4247076.871763724833727, -830093.544902966357768 ], [ -4247076.871763724833727, -633904.814477452542633 ], [ -4077172.447279012296349, -535810.44926469551865 ], [ -3907268.022794300224632, -633904.814477452542633 ], [ -3907268.022794300224632, -830093.544902966357768 ], [ -4077172.447279012296349, -928187.910115723614581 ] ] ] } },
{ "type": "Feature", "properties": { }, "geometry": { "type": "Polygon", "coordinates": [ [ [ -4077172.447279012296349, -339621.718839181237854 ], [ -4247076.871763724833727, -241527.353626423981041 ], [ -4247076.871763724833727, -45338.623200910165906 ], [ -4077172.447279012296349, 52755.742011846887181 ], [ -3907268.022794300224632, -45338.623200910165906 ], [ -3907268.022794300224632, -241527.353626423981041 ], [ -4077172.447279012296349, -339621.718839181237854 ] ] ] } },
{ "type": "Feature", "properties": { }, "geometry": { "type": "Polygon", "coordinates": [ [ [ -4077172.447279012296349, 248944.472437361167977 ], [ -4247076.871763724833727, 347038.837650117930025 ], [ -4247076.871763724833727, 543227.568075632210821 ], [ -4077172.447279012296349, 641321.933288389234804 ], [ -3907268.022794300224632, 543227.568075632210821 ], [ -3907268.022794300224632, 347038.837650117930025 ], [ -4077172.447279012296349, 248944.472437361167977 ] ] ] } },
{ "type": "Feature", "properties": { }, "geometry": { "type": "Polygon", "coordinates": [ [ [ -4077172.447279012296349, 837510.6637139035156 ], [ -4247076.871763724833727, 935605.028926660772413 ], [ -4247076.871763724833727, 1131793.759352175053209 ], [ -4077172.447279012296349, 1229888.124564932193607 ], [ -3907268.022794300224632, 1131793.759352175053209 ], [ -3907268.022794300224632, 935605.028926660772413 ], [ -4077172.447279012296349, 837510.6637139035156 ] ] ] } },
{ "type": "Feature", "properties": { }, "geometry": { "type": "Polygon", "coordinates": [ [ [ -4077172.447279012296349, 1426076.854990445543081 ], [ -4247076.871763724833727, 1524171.220203202683479 ], [ -4247076.871763724833727, 1720359.950628716964275 ], [ -4077172.447279012296349, 1818454.315841474104673 ], [ -3907268.022794300224632, 1720359.950628716964275 ], [ -3907268.022794300224632, 1524171.220203202683479 ], [ -4077172.447279012296349, 1426076.854990445543081 ] ] ] } },
{ "type": "Feature", "properties": { }, "geometry": { "type": "Polygon", "coordinates": [ [ [ -4077172.447279012296349, 2014643.046266988385469 ], [ -4247076.871763724833727, 2112737.411479745525867 ], [ -4247076.871763724833727, 2308926.14190525887534 ], [ -4077172.447279012296349, 2407020.507118016015738 ], [ -3907268.022794300224632, 2308926.14190525887534 ], [ -3907268.022794300224632, 2112737.411479745525867 ], [ -4077172.447279012296349, 2014643.046266988385469 ] ] ] } },
{ "type": "Feature", "properties": { }, "geometry": { "type": "Polygon", "coordinates": [ [ [ -4077172.447279012296349, 2603209.237543530296534 ], [ -4247076.871763724833727, 2701303.602756287436932 ], [ -4247076.871763724833727, 2897492.333181801717728 ], [ -4077172.447279012296349, 2995586.698394558858126 ], [ -3907268.022794300224632, 2897492.333181801717728 ], [ -3907268.022794300224632, 2701303.602756287436932 ], [ -4077172.447279012296349, 2603209.237543530296534 ] ] ] } },
{ "type": "Feature", "properties": { }, "geometry": { "type": "Polygon", "coordinates": [ [ [ -4077172.447279012296349, 3191775.428820073138922 ], [ -4247076.871763724833727, 3289869.794032829347998 ], [ -4247076.871763724833727, 3486058.524458343628794 ], [ -4077172.447279012296349, 3584152.889671100769192 ], [ -3907268.022794300224632, 3486058.524458343628794 ], [ -3907268.022794300224632, 3289869.794032829347998 ], [ -4077172.447279012296349, 3191775.428820073138922 ] ] ] } },
{ "type": "Feature", "properties": { }, "geometry": { "type": "Polygon", "coordinates": [ [ [ -4077172.447279012296349, 3780341.620096615049988 ], [ -4247076.871763724833727, 3878435.985309372190386 ], [ -4247076.871763724833727, 4074624.715734886471182 ], [ -4077172.447279012296349, 4172719.08094764361158 ], [ -3907268.022794300224632, 4074624.715734886471182 ], [ -3907268.022794300224632, 3878435.985309372190386 ], [ -4077172.447279012296349, 3780341.620096615049988 ] ] ] } },
{ "type": "Feature", "properties": { }, "geometry": { "type": "Polygon", "coordinates": [ [ [ -3907268.022794300224632, -3576735.770860163960606 ], [ -4077172.447279012296349, -3478641.405647406820208 ], [ -4077172.447279012296349, -3282452.675221892539412 ], [ -3907268.022794300224632, -3184358.310009135864675 ], [ -3737363.598309587687254, -3282452.675221892539412 ], [ -3737363.598309587687254, -3478641.405647406820208 ], [ -3907268.022794300224632, -3576735.770860163960606 ] ] ] } },
{ "type": "Feature", "properties": { }, "geometry": { "type": "Polygon", "coordinates": [ [ [ -3907268.022794300224632, -2988169.579583621583879 ], [ -4077172.447279012296349, -2890075.214370864443481 ], [ -4077172.447279012296349, -2693886.483945350162685 ], [ -3907268.022794300224632, -2595792.118732593487948 ], [ -3737363.598309587687254, -2693886.483945350162685 ], [ -3737363.598309587687254, -2890075.214370864443481 ], [ -3907268.022794300224632, -2988169.579583621583879 ] ] ] } },
{ "type": "Feature", "properties": { }, "geometry": { "type": "Polygon", "coordinates": [ [ [ -3907268.022794300224632, -2399603.388307079207152 ], [ -4077172.447279012296349, -2301509.023094322066754 ], [ -4077172.447279012296349, -2105320.292668808251619 ], [ -3907268.022794300224632, -2007225.927456051111221 ], [ -3737363.598309587687254, -2105320.292668808251619 ], [ -3737363.598309587687254, -2301509.023094322066754 ], [ -3907268.022794300224632, -2399603.388307079207152 ] ] ] } },
{ "type": "Feature", "properties": { }, "geometry": { "type": "Polygon", "coordinates": [ [ [ -3907268.022794300224632, -1811037.197030537063256 ], [ -4077172.447279012296349, -1712942.831817779922858 ], [ -4077172.447279012296349, -1516754.101392265874892 ], [ -3907268.022794300224632, -1418659.736179508734494 ], [ -3737363.598309587687254, -1516754.101392265874892 ], [ -3737363.598309587687254, -1712942.831817779922858 ], [ -3907268.022794300224632, -1811037.197030537063256 ] ] ] } },
{ "type": "Feature", "properties": { }, "geometry": { "type": "Polygon", "coordinates": [ [ [ -3907268.022794300224632, -1222471.005753994453698 ], [ -4077172.447279012296349, -1124376.6405412373133 ], [ -4077172.447279012296349, -928187.910115723614581 ], [ -3907268.022794300224632, -830093.544902966357768 ], [ -3737363.598309587687254, -928187.910115723614581 ], [ -3737363.598309587687254, -1124376.6405412373133 ], [ -3907268.022794300224632, -1222471.005753994453698 ] ] ] } },
{ "type": "Feature", "properties": { }, "geometry": { "type": "Polygon", "coordinates": [ [ [ -3907268.022794300224632, -633904.814477452542633 ], [ -4077172.447279012296349, -535810.44926469551865 ], [ -4077172.447279012296349, -339621.718839181237854 ], [ -3907268.022794300224632, -241527.353626423981041 ], [ -3737363.598309587687254, -339621.718839181237854 ], [ -3737363.598309587687254, -535810.44926469551865 ], [ -3907268.022794300224632, -633904.814477452542633 ] ] ] } },
{ "type": "Feature", "properties": { }, "geometry": { "type": "Polygon", "coordinates": [ [ [ -3907268.022794300224632, -45338.623200910165906 ], [ -4077172.447279012296349, 52755.742011846887181 ], [ -4077172.447279012296349, 248944.472437361167977 ], [ -3907268.022794300224632, 347038.837650117930025 ], [ -3737363.598309587687254, 248944.472437361167977 ], [ -3737363.598309587687254, 52755.742011846887181 ], [ -3907268.022794300224632, -45338.623200910165906 ] ] ] } },
{ "type": "Feature", "properties": { }, "geometry": { "type": "Polygon", "coordinates": [ [ [ -3907268.022794300224632, 543227.568075632210821 ], [ -4077172.447279012296349, 641321.933288389234804 ], [ -4077172.447279012296349, 837510.6637139035156 ], [ -3907268.022794300224632, 935605.028926660772413 ], [ -3737363.598309587687254, 837510.6637139035156 ], [ -3737363.598309587687254, 641321.933288389234804 ], [ -3907268.022794300224632, 543227.568075632210821 ] ] ] } },
{ "type": "Feature", "properties": { }, "geometry": { "type": "Polygon", "coordinates": [ [ [ -3907268.022794300224632, 1131793.759352175053209 ], [ -4077172.447279012296349, 1229888.124564932193607 ], [ -4077172.447279012296349, 1426076.854990445543081 ], [ -3907268.022794300224632, 1524171.220203202683479 ], [ -3737363.598309587687254, 1426076.854990445543081 ], [ -3737363.598309587687254, 1229888.124564932193607 ], [ -3907268.022794300224632, 1131793.759352175053209 ] ] ] } },
{ "type": "Feature", "properties": { }, "geometry": { "type": "Polygon", "coordinates": [ [ [ -3907268.022794300224632, 1720359.950628716964275 ], [ -4077172.447279012296349, 1818454.315841474104673 ], [ -4077172.447279012296349, 2014643.046266988385469 ], [ -3907268.022794300224632, 2112737.411479745525867 ], [ -3737363.598309587687254, 2014643.046266988385469 ], [ -3737363.598309587687254, 1818454.315841474104673 ], [ -3907268.022794300224632, 1720359.950628716964275 ] ] ] } },
{ "type": "Feature", "properties": { }, "geometry": { "type": "Polygon", "coordinates": [ [ [ -3907268.022794300224632, 2308926.14190525887534 ], [ -4077172.447279012296349, 2407020.507118016015738 ], [ -4077172.447279012296349, 2603209.237543530296534 ], [ -3907268.022794300224632, 2701303.602756287436932 ], [ -3737363.598309587687254, 2603209.237543530296534 ], [ -3737363.598309587687254, 2407020.507118016015738 ], [ -3907268.022794300224632, 2308926.14190525887534 ] ] ] } },
{ "type": "Feature", "properties": { }, "geometry": { "type": "Polygon", "coordinates": [ [ [ -3907268.022794300224632, 2897492.333181801717728 ], [ -4077172.447279012296349, 2995586.698394558858126 ], [ -4077172.447279012296349, 3191775.428820073138922 ], [ -3907268.022794300224632, 3289869.794032829347998 ], [ -3737363.598309587687254, 3191775.428820073138922 ], [ -3737363.598309587687254, 2995586.698394558858126 ], [ -3907268.022794300224632, 2897492.333181801717728 ] ] ] } },
{ "type": "Feature", "properties": { }, "geometry": { "type": "Polygon", "coordinates": [ [ [ -3907268.022794300224632, 3486058.524458343628794 ], [ -4077172.447279012296349, 3584152.889671100769192 ], [ -4077172.447279012296349, 3780341.620096615049988 ], [ -3907268.022794300224632, 3878435.985309372190386 ], [ -3737363.598309587687254, 3780341.620096615049988 ], [ -3737363.598309587687254, 3584152.889671100769192 ], [ -3907268.022794300224632, 3486058.524458343628794 ] ] ] } },
{ "type": "Feature", "properties": { }, "geometry": { "type": "Polygon", "coordinates": [ [ [ -3737363.598309587687254, -3282452.675221892539412 ], [ -3907268.022794300224632, -3184358.310009135864675 ], [ -3907268.022794300224632, -2988169.579583621583879 ], [ -3737363.598309587687254, -2890075.214370864443481 ], [ -3567459.173824875615537, -2988169.579583621583879 ], [ -3567459.173824875615537, -3184358.310009135864675 ], [ -3737363.598309587687254, -3282452.675221892539412 ] ] ] } },
{ "type": "Feature", "properties": { }, "geometry": { "type": "Polygon", "coordinates": [ [ [ -3737363.598309587687254, -2693886.483945350162685 ], [ -3907268.022794300224632, -2595792.118732593487948 ], [ -3907268.022794300224632, -2399603.388307079207152 ], [ -3737363.598309587687254, -2301509.023094322066754 ], [ -3567459.173824875615537, -2399603.388307079207152 ], [ -3567459.173824875615537, -2595792.118732593487948 ], [ -3737363.598309587687254, -2693886.483945350162685 ] ] ] } },
{ "type": "Feature", "properties": { }, "geometry": { "type": "Polygon", "coordinates": [ [ [ -3737363.598309587687254, -2105320.292668808251619 ], [ -3907268.022794300224632, -2007225.927456051111221 ], [ -3907268.022794300224632, -1811037.197030537063256 ], [ -3737363.598309587687254, -1712942.831817779922858 ], [ -3567459.173824875615537, -1811037.197030537063256 ], [ -3567459.173824875615537, -2007225.927456051111221 ], [ -3737363.598309587687254, -2105320.292668808251619 ] ] ] } },
{ "type": "Feature", "properties": { }, "geometry": { "type": "Polygon", "coordinates": [ [ [ -3737363.598309587687254, -1516754.101392265874892 ], [ -3907268.022794300224632, -1418659.736179508734494 ], [ -3907268.022794300224632, -1222471.005753994453698 ], [ -3737363.598309587687254, -1124376.6405412373133 ], [ -3567459.173824875615537, -1222471.005753994453698 ], [ -3567459.173824875615537, -1418659.736179508734494 ], [ -3737363.598309587687254, -1516754.101392265874892 ] ] ] } },
{ "type": "Feature", "properties": { }, "geometry": { "type": "Polygon", "coordinates": [ [ [ -3737363.598309587687254, -928187.910115723614581 ], [ -3907268.022794300224632, -830093.544902966357768 ], [ -3907268.022794300224632, -633904.814477452542633 ], [ -3737363.598309587687254, -535810.44926469551865 ], [ -3567459.173824875615537, -633904.814477452542633 ], [ -3567459.173824875615537, -830093.544902966357768 ], [ -3737363.598309587687254, -928187.910115723614581 ] ] ] } },
{ "type": "Feature", "properties": { }, "geometry": { "type": "Polygon", "coordinates": [ [ [ -3737363.598309587687254, -339621.718839181237854 ], [ -3907268.022794300224632, -241527.353626423981041 ], [ -3907268.022794300224632, -45338.623200910165906 ], [ -3737363.598309587687254, 52755.742011846887181 ], [ -3567459.173824875615537, -45338.623200910165906 ], [ -3567459.173824875615537, -241527.353626423981041 ], [ -3737363.598309587687254, -339621.718839181237854 ] ] ] } },
{ "type": "Feature", "properties": { }, "geometry": { "type": "Polygon", "coordinates": [ [ [ -3737363.598309587687254, 248944.472437361167977 ], [ -3907268.022794300224632, 347038.837650117930025 ], [ -3907268.022794300224632, 543227.568075632210821 ], [ -3737363.598309587687254, 641321.933288389234804 ], [ -3567459.173824875615537, 543227.568075632210821 ], [ -3567459.173824875615537, 347038.837650117930025 ], [ -3737363.598309587687254, 248944.472437361167977 ] ] ] } },
{ "type": "Feature", "properties": { }, "geometry": { "type": "Polygon", "coordinates": [ [ [ -3737363.598309587687254, 837510.6637139035156 ], [ -3907268.022794300224632, 935605.028926660772413 ], [ -3907268.022794300224632, 1131793.759352175053209 ], [ -3737363.598309587687254, 1229888.124564932193607 ], [ -3567459.173824875615537, 1131793.759352175053209 ], [ -3567459.173824875615537, 935605.028926660772413 ], [ -3737363.598309587687254, 837510.6637139035156 ] ] ] } },
{ "type": "Feature", "properties": { }, "geometry": { "type": "Polygon", "coordinates": [ [ [ -3737363.598309587687254, 1426076.854990445543081 ], [ -3907268.022794300224632, 1524171.220203202683479 ], [ -3907268.022794300224632, 1720359.950628716964275 ], [ -3737363.598309587687254, 1818454.315841474104673 ], [ -3567459.173824875615537, 1720359.950628716964275 ], [ -3567459.173824875615537, 1524171.220203202683479 ], [ -3737363.598309587687254, 1426076.854990445543081 ] ] ] } },
{ "type": "Feature", "properties": { }, "geometry": { "type": "Polygon", "coordinates": [ [ [ -3737363.598309587687254, 2014643.046266988385469 ], [ -3907268.022794300224632, 2112737.411479745525867 ], [ -3907268.022794300224632, 2308926.14190525887534 ], [ -3737363.598309587687254, 2407020.507118016015738 ], [ -3567459.173824875615537, 2308926.14190525887534 ], [ -3567459.173824875615537, 2112737.411479745525867 ], [ -3737363.598309587687254, 2014643.046266988385469 ] ] ] } },
{ "type": "Feature", "properties": { }, "geometry": { "type": "Polygon", "coordinates": [ [ [ -3737363.598309587687254, 2603209.237543530296534 ], [ -3907268.022794300224632, 2701303.602756287436932 ], [ -3907268.022794300224632, 2897492.333181801717728 ], [ -3737363.598309587687254, 2995586.698394558858126 ], [ -3567459.173824875615537, 2897492.333181801717728 ], [ -3567459.173824875615537, 2701303.602756287436932 ], [ -3737363.598309587687254, 2603209.237543530296534 ] ] ] } },
{ "type": "Feature", "properties": { }, "geometry": { "type": "Polygon", "coordinates": [ [ [ -3737363.598309587687254, 3191775.428820073138922 ], [ -3907268.022794300224632, 3289869.794032829347998 ], [ -3907268.022794300224632, 3486058.524458343628794 ], [ -3737363.598309587687254, 3584152.889671100769192 ], [ -3567459.173824875615537, 3486058.524458343628794 ], [ -3567459.173824875615537, 3289869.794032829347998 ], [ -3737363.598309587687254, 3191775.428820073138922 ] ] ] } },
{ "type": "Feature", "properties": { }, "geometry": { "type": "Polygon", "coordinates": [ [ [ -3737363.598309587687254, 3780341.620096615049988 ], [ -3907268.022794300224632, 3878435.985309372190386 ], [ -3907268.022794300224632, 4074624.715734886471182 ], [ -3737363.598309587687254, 4172719.08094764361158 ], [ -3567459.173824875615537, 4074624.715734886471182 ], [ -3567459.173824875615537, 3878435.985309372190386 ], [ -3737363.598309587687254, 3780341.620096615049988 ] ] ] } },
{ "type": "Feature", "properties": { }, "geometry": { "type": "Polygon", "coordinates": [ [ [ -3567459.173824875615537, -3576735.770860163960606 ], [ -3737363.598309587687254, -3478641.405647406820208 ], [ -3737363.598309587687254, -3282452.675221892539412 ], [ -3567459.173824875615537, -3184358.310009135864675 ], [ -3397554.74934016354382, -3282452.675221892539412 ], [ -3397554.74934016354382, -3478641.405647406820208 ], [ -3567459.173824875615537, -3576735.770860163960606 ] ] ] } },
{ "type": "Feature", "properties": { }, "geometry": { "type": "Polygon", "coordinates": [ [ [ -3567459.173824875615537, -2988169.579583621583879 ], [ -3737363.598309587687254, -2890075.214370864443481 ], [ -3737363.598309587687254, -2693886.483945350162685 ], [ -3567459.173824875615537, -2595792.118732593487948 ], [ -3397554.74934016354382, -2693886.483945350162685 ], [ -3397554.74934016354382, -2890075.214370864443481 ], [ -3567459.173824875615537, -2988169.579583621583879 ] ] ] } },
{ "type": "Feature", "properties": { }, "geometry": { "type": "Polygon", "coordinates": [ [ [ -3567459.173824875615537, -2399603.388307079207152 ], [ -3737363.598309587687254, -2301509.023094322066754 ], [ -3737363.598309587687254, -2105320.292668808251619 ], [ -3567459.173824875615537, -2007225.927456051111221 ], [ -3397554.74934016354382, -2105320.292668808251619 ], [ -3397554.74934016354382, -2301509.023094322066754 ], [ -3567459.173824875615537, -2399603.388307079207152 ] ] ] } },
{ "type": "Feature", "properties": { }, "geometry": { "type": "Polygon", "coordinates": [ [ [ -3567459.173824875615537, -1811037.197030537063256 ], [ -3737363.598309587687254, -1712942.831817779922858 ], [ -3737363.598309587687254, -1516754.101392265874892 ], [ -3567459.173824875615537, -1418659.736179508734494 ], [ -3397554.74934016354382, -1516754.101392265874892 ], [ -3397554.74934016354382, -1712942.831817779922858 ], [ -3567459.173824875615537, -1811037.197030537063256 ] ] ] } },
{ "type": "Feature", "properties": { }, "geometry": { "type": "Polygon", "coordinates": [ [ [ -3567459.173824875615537, -1222471.005753994453698 ], [ -3737363.598309587687254, -1124376.6405412373133 ], [ -3737363.598309587687254, -928187.910115723614581 ], [ -3567459.173824875615537, -830093.544902966357768 ], [ -3397554.74934016354382, -928187.910115723614581 ], [ -3397554.74934016354382, -1124376.6405412373133 ], [ -3567459.173824875615537, -1222471.005753994453698 ] ] ] } },
{ "type": "Feature", "properties": { }, "geometry": { "type": "Polygon", "coordinates": [ [ [ -3567459.173824875615537, -633904.814477452542633 ], [ -3737363.598309587687254, -535810.44926469551865 ], [ -3737363.598309587687254, -339621.718839181237854 ], [ -3567459.173824875615537, -241527.353626423981041 ], [ -3397554.74934016354382, -339621.718839181237854 ], [ -3397554.74934016354382, -535810.44926469551865 ], [ -3567459.173824875615537, -633904.814477452542633 ] ] ] } },
{ "type": "Feature", "properties": { }, "geometry": { "type": "Polygon", "coordinates": [ [ [ -3567459.173824875615537, -45338.623200910165906 ], [ -3737363.598309587687254, 52755.742011846887181 ], [ -3737363.598309587687254, 248944.472437361167977 ], [ -3567459.173824875615537, 347038.837650117930025 ], [ -3397554.74934016354382, 248944.472437361167977 ], [ -3397554.74934016354382, 52755.742011846887181 ], [ -3567459.173824875615537, -45338.623200910165906 ] ] ] } },
{ "type": "Feature", "properties": { }, "geometry": { "type": "Polygon", "coordinates": [ [ [ -3567459.173824875615537, 543227.568075632210821 ], [ -3737363.598309587687254, 641321.933288389234804 ], [ -3737363.598309587687254, 837510.6637139035156 ], [ -3567459.173824875615537, 935605.028926660772413 ], [ -3397554.74934016354382, 837510.6637139035156 ], [ -3397554.74934016354382, 641321.933288389234804 ], [ -3567459.173824875615537, 543227.568075632210821 ] ] ] } },
{ "type": "Feature", "properties": { }, "geometry": { "type": "Polygon", "coordinates": [ [ [ -3567459.173824875615537, 1131793.759352175053209 ], [ -3737363.598309587687254, 1229888.124564932193607 ], [ -3737363.598309587687254, 1426076.854990445543081 ], [ -3567459.173824875615537, 1524171.220203202683479 ], [ -3397554.74934016354382, 1426076.854990445543081 ], [ -3397554.74934016354382, 1229888.124564932193607 ], [ -3567459.173824875615537, 1131793.759352175053209 ] ] ] } },
{ "type": "Feature", "properties": { }, "geometry": { "type": "Polygon", "coordinates": [ [ [ -3567459.173824875615537, 1720359.950628716964275 ], [ -3737363.598309587687254, 1818454.315841474104673 ], [ -3737363.598309587687254, 2014643.046266988385469 ], [ -3567459.173824875615537, 2112737.411479745525867 ], [ -3397554.74934016354382, 2014643.046266988385469 ], [ -3397554.74934016354382, 1818454.315841474104673 ], [ -3567459.173824875615537, 1720359.950628716964275 ] ] ] } },
{ "type": "Feature", "properties": { }, "geometry": { "type": "Polygon", "coordinates": [ [ [ -3567459.173824875615537, 2308926.14190525887534 ], [ -3737363.598309587687254, 2407020.507118016015738 ], [ -3737363.598309587687254, 2603209.237543530296534 ], [ -3567459.173824875615537, 2701303.602756287436932 ], [ -3397554.74934016354382, 2603209.237543530296534 ], [ -3397554.74934016354382, 2407020.507118016015738 ], [ -3567459.173824875615537, 2308926.14190525887534 ] ] ] } },
{ "type": "Feature", "properties": { }, "geometry": { "type": "Polygon", "coordinates": [ [ [ -3567459.173824875615537, 2897492.333181801717728 ], [ -3737363.598309587687254, 2995586.698394558858126 ], [ -3737363.598309587687254, 3191775.428820073138922 ], [ -3567459.173824875615537, 3289869.794032829347998 ], [ -3397554.74934016354382, 3191775.428820073138922 ], [ -3397554.74934016354382, 2995586.698394558858126 ], [ -3567459.173824875615537, 2897492.333181801717728 ] ] ] } },
{ "type": "Feature", "properties": { }, "geometry": { "type": "Polygon", "coordinates": [ [ [ -3567459.173824875615537, 3486058.524458343628794 ], [ -3737363.598309587687254, 3584152.889671100769192 ], [ -3737363.598309587687254, 3780341.620096615049988 ], [ -3567459.173824875615537, 3878435.985309372190386 ], [ -3397554.74934016354382, 3780341.620096615049988 ], [ -3397554.74934016354382, 3584152.889671100769192 ], [ -3567459.173824875615537, 3486058.524458343628794 ] ] ] } },
{ "type": "Feature", "properties": { }, "geometry": { "type": "Polygon", "coordinates": [ [ [ -3397554.74934016354382, -3282452.675221892539412 ], [ -3567459.173824875615537, -3184358.310009135864675 ], [ -3567459.173824875615537, -2988169.579583621583879 ], [ -3397554.74934016354382, -2890075.214370864443481 ], [ -3227650.324855451472104, -2988169.579583621583879 ], [ -3227650.324855451472104, -3184358.310009135864675 ], [ -3397554.74934016354382, -3282452.675221892539412 ] ] ] } },
{ "type": "Feature", "properties": { }, "geometry": { "type": "Polygon", "coordinates": [ [ [ -3397554.74934016354382, -2693886.483945350162685 ], [ -3567459.173824875615537, -2595792.118732593487948 ], [ -3567459.173824875615537, -2399603.388307079207152 ], [ -3397554.74934016354382, -2301509.023094322066754 ], [ -3227650.324855451472104, -2399603.388307079207152 ], [ -3227650.324855451472104, -2595792.118732593487948 ], [ -3397554.74934016354382, -2693886.483945350162685 ] ] ] } },
{ "type": "Feature", "properties": { }, "geometry": { "type": "Polygon", "coordinates": [ [ [ -3397554.74934016354382, -2105320.292668808251619 ], [ -3567459.173824875615537, -2007225.927456051111221 ], [ -3567459.173824875615537, -1811037.197030537063256 ], [ -3397554.74934016354382, -1712942.831817779922858 ], [ -3227650.324855451472104, -1811037.197030537063256 ], [ -3227650.324855451472104, -2007225.927456051111221 ], [ -3397554.74934016354382, -2105320.292668808251619 ] ] ] } },
{ "type": "Feature", "properties": { }, "geometry": { "type": "Polygon", "coordinates": [ [ [ -3397554.74934016354382, -1516754.101392265874892 ], [ -3567459.173824875615537, -1418659.736179508734494 ], [ -3567459.173824875615537, -1222471.005753994453698 ], [ -3397554.74934016354382, -1124376.6405412373133 ], [ -3227650.324855451472104, -1222471.005753994453698 ], [ -3227650.324855451472104, -1418659.736179508734494 ], [ -3397554.74934016354382, -1516754.101392265874892 ] ] ] } },
{ "type": "Feature", "properties": { }, "geometry": { "type": "Polygon", "coordinates": [ [ [ -3397554.74934016354382, -928187.910115723614581 ], [ -3567459.173824875615537, -830093.544902966357768 ], [ -3567459.173824875615537, -633904.814477452542633 ], [ -3397554.74934016354382, -535810.44926469551865 ], [ -3227650.324855451472104, -633904.814477452542633 ], [ -3227650.324855451472104, -830093.544902966357768 ], [ -3397554.74934016354382, -928187.910115723614581 ] ] ] } },
{ "type": "Feature", "properties": { }, "geometry": { "type": "Polygon", "coordinates": [ [ [ -3397554.74934016354382, -339621.718839181237854 ], [ -3567459.173824875615537, -241527.353626423981041 ], [ -3567459.173824875615537, -45338.623200910165906 ], [ -3397554.74934016354382, 52755.742011846887181 ], [ -3227650.324855451472104, -45338.623200910165906 ], [ -3227650.324855451472104, -241527.353626423981041 ], [ -3397554.74934016354382, -339621.718839181237854 ] ] ] } },
{ "type": "Feature", "properties": { }, "geometry": { "type": "Polygon", "coordinates": [ [ [ -3397554.74934016354382, 248944.472437361167977 ], [ -3567459.173824875615537, 347038.837650117930025 ], [ -3567459.173824875615537, 543227.568075632210821 ], [ -3397554.74934016354382, 641321.933288389234804 ], [ -3227650.324855451472104, 543227.568075632210821 ], [ -3227650.324855451472104, 347038.837650117930025 ], [ -3397554.74934016354382, 248944.472437361167977 ] ] ] } },
{ "type": "Feature", "properties": { }, "geometry": { "type": "Polygon", "coordinates": [ [ [ -3397554.74934016354382, 837510.6637139035156 ], [ -3567459.173824875615537, 935605.028926660772413 ], [ -3567459.173824875615537, 1131793.759352175053209 ], [ -3397554.74934016354382, 1229888.124564932193607 ], [ -3227650.324855451472104, 1131793.759352175053209 ], [ -3227650.324855451472104, 935605.028926660772413 ], [ -3397554.74934016354382, 837510.6637139035156 ] ] ] } },
{ "type": "Feature", "properties": { }, "geometry": { "type": "Polygon", "coordinates": [ [ [ -3397554.74934016354382, 1426076.854990445543081 ], [ -3567459.173824875615537, 1524171.220203202683479 ], [ -3567459.173824875615537, 1720359.950628716964275 ], [ -3397554.74934016354382, 1818454.315841474104673 ], [ -3227650.324855451472104, 1720359.950628716964275 ], [ -3227650.324855451472104, 1524171.220203202683479 ], [ -3397554.74934016354382, 1426076.854990445543081 ] ] ] } },
{ "type": "Feature", "properties": { }, "geometry": { "type": "Polygon", "coordinates": [ [ [ -3397554.74934016354382, 2014643.046266988385469 ], [ -3567459.173824875615537, 2112737.411479745525867 ], [ -3567459.173824875615537, 2308926.14190525887534 ], [ -3397554.74934016354382, 2407020.507118016015738 ], [ -3227650.324855451472104, 2308926.14190525887534 ], [ -3227650.324855451472104, 2112737.411479745525867 ], [ -3397554.74934016354382, 2014643.046266988385469 ] ] ] } },
{ "type": "Feature", "properties": { }, "geometry": { "type": "Polygon", "coordinates": [ [ [ -3397554.74934016354382, 2603209.237543530296534 ], [ -3567459.173824875615537, 2701303.602756287436932 ], [ -3567459.173824875615537, 2897492.333181801717728 ], [ -3397554.74934016354382, 2995586.698394558858126 ], [ -3227650.324855451472104, 2897492.333181801717728 ], [ -3227650.324855451472104, 2701303.602756287436932 ], [ -3397554.74934016354382, 2603209.237543530296534 ] ] ] } },
{ "type": "Feature", "properties": { }, "geometry": { "type": "Polygon", "coordinates": [ [ [ -3397554.74934016354382, 3191775.428820073138922 ], [ -3567459.173824875615537, 3289869.794032829347998 ], [ -3567459.173824875615537, 3486058.524458343628794 ], [ -3397554.74934016354382, 3584152.889671100769192 ], [ -3227650.324855451472104, 3486058.524458343628794 ], [ -3227650.324855451472104, 3289869.794032829347998 ], [ -3397554.74934016354382, 3191775.428820073138922 ] ] ] } },
{ "type": "Feature", "properties": { }, "geometry": { "type": "Polygon", "coordinates": [ [ [ -3397554.74934016354382, 3780341.620096615049988 ], [ -3567459.173824875615537, 3878435.985309372190386 ], [ -3567459.173824875615537, 4074624.715734886471182 ], [ -3397554.74934016354382, 4172719.08094764361158 ], [ -3227650.324855451472104, 4074624.715734886471182 ], [ -3227650.324855451472104, 3878435.985309372190386 ], [ -3397554.74934016354382, 3780341.620096615049988 ] ] ] } },
{ "type": "Feature", "properties": { }, "geometry": { "type": "Polygon", "coordinates": [ [ [ -3227650.324855451472104, -3576735.770860163960606 ], [ -3397554.74934016354382, -3478641.405647406820208 ], [ -3397554.74934016354382, -3282452.675221892539412 ], [ -3227650.324855451472104, -3184358.310009135864675 ], [ -3057745.900370738934726, -3282452.675221892539412 ], [ -3057745.900370738934726, -3478641.405647406820208 ], [ -3227650.324855451472104, -3576735.770860163960606 ] ] ] } },
{ "type": "Feature", "properties": { }, "geometry": { "type": "Polygon", "coordinates": [ [ [ -3227650.324855451472104, -2988169.579583621583879 ], [ -3397554.74934016354382, -2890075.214370864443481 ], [ -3397554.74934016354382, -2693886.483945350162685 ], [ -3227650.324855451472104, -2595792.118732593487948 ], [ -3057745.900370738934726, -2693886.483945350162685 ], [ -3057745.900370738934726, -2890075.214370864443481 ], [ -3227650.324855451472104, -2988169.579583621583879 ] ] ] } },
{ "type": "Feature", "properties": { }, "geometry": { "type": "Polygon", "coordinates": [ [ [ -3227650.324855451472104, -2399603.388307079207152 ], [ -3397554.74934016354382, -2301509.023094322066754 ], [ -3397554.74934016354382, -2105320.292668808251619 ], [ -3227650.324855451472104, -2007225.927456051111221 ], [ -3057745.900370738934726, -2105320.292668808251619 ], [ -3057745.900370738934726, -2301509.023094322066754 ], [ -3227650.324855451472104, -2399603.388307079207152 ] ] ] } },
{ "type": "Feature", "properties": { }, "geometry": { "type": "Polygon", "coordinates": [ [ [ -3227650.324855451472104, -1811037.197030537063256 ], [ -3397554.74934016354382, -1712942.831817779922858 ], [ -3397554.74934016354382, -1516754.101392265874892 ], [ -3227650.324855451472104, -1418659.736179508734494 ], [ -3057745.900370738934726, -1516754.101392265874892 ], [ -3057745.900370738934726, -1712942.831817779922858 ], [ -3227650.324855451472104, -1811037.197030537063256 ] ] ] } },
{ "type": "Feature", "properties": { }, "geometry": { "type": "Polygon", "coordinates": [ [ [ -3227650.324855451472104, -1222471.005753994453698 ], [ -3397554.74934016354382, -1124376.6405412373133 ], [ -3397554.74934016354382, -928187.910115723614581 ], [ -3227650.324855451472104, -830093.544902966357768 ], [ -3057745.900370738934726, -928187.910115723614581 ], [ -3057745.900370738934726, -1124376.6405412373133 ], [ -3227650.324855451472104, -1222471.005753994453698 ] ] ] } },
{ "type": "Feature", "properties": { }, "geometry": { "type": "Polygon", "coordinates": [ [ [ -3227650.324855451472104, -633904.814477452542633 ], [ -3397554.74934016354382, -535810.44926469551865 ], [ -3397554.74934016354382, -339621.718839181237854 ], [ -3227650.324855451472104, -241527.353626423981041 ], [ -3057745.900370738934726, -339621.718839181237854 ], [ -3057745.900370738934726, -535810.44926469551865 ], [ -3227650.324855451472104, -633904.814477452542633 ] ] ] } },
{ "type": "Feature", "properties": { }, "geometry": { "type": "Polygon", "coordinates": [ [ [ -3227650.324855451472104, -45338.623200910165906 ], [ -3397554.74934016354382, 52755.742011846887181 ], [ -3397554.74934016354382, 248944.472437361167977 ], [ -3227650.324855451472104, 347038.837650117930025 ], [ -3057745.900370738934726, 248944.472437361167977 ], [ -3057745.900370738934726, 52755.742011846887181 ], [ -3227650.324855451472104, -45338.623200910165906 ] ] ] } },
{ "type": "Feature", "properties": { }, "geometry": { "type": "Polygon", "coordinates": [ [ [ -3227650.324855451472104, 543227.568075632210821 ], [ -3397554.74934016354382, 641321.933288389234804 ], [ -3397554.74934016354382, 837510.6637139035156 ], [ -3227650.324855451472104, 935605.028926660772413 ], [ -3057745.900370738934726, 837510.6637139035156 ], [ -3057745.900370738934726, 641321.933288389234804 ], [ -3227650.324855451472104, 543227.568075632210821 ] ] ] } },
{ "type": "Feature", "properties": { }, "geometry": { "type": "Polygon", "coordinates": [ [ [ -3227650.324855451472104, 1131793.759352175053209 ], [ -3397554.74934016354382, 1229888.124564932193607 ], [ -3397554.74934016354382, 1426076.854990445543081 ], [ -3227650.324855451472104, 1524171.220203202683479 ], [ -3057745.900370738934726, 1426076.854990445543081 ], [ -3057745.900370738934726, 1229888.124564932193607 ], [ -3227650.324855451472104, 1131793.759352175053209 ] ] ] } },
{ "type": "Feature", "properties": { }, "geometry": { "type": "Polygon", "coordinates": [ [ [ -3227650.324855451472104, 1720359.950628716964275 ], [ -3397554.74934016354382, 1818454.315841474104673 ], [ -3397554.74934016354382, 2014643.046266988385469 ], [ -3227650.324855451472104, 2112737.411479745525867 ], [ -3057745.900370738934726, 2014643.046266988385469 ], [ -3057745.900370738934726, 1818454.315841474104673 ], [ -3227650.324855451472104, 1720359.950628716964275 ] ] ] } },
{ "type": "Feature", "properties": { }, "geometry": { "type": "Polygon", "coordinates": [ [ [ -3227650.324855451472104, 2308926.14190525887534 ], [ -3397554.74934016354382, 2407020.507118016015738 ], [ -3397554.74934016354382, 2603209.237543530296534 ], [ -3227650.324855451472104, 2701303.602756287436932 ], [ -3057745.900370738934726, 2603209.237543530296534 ], [ -3057745.900370738934726, 2407020.507118016015738 ], [ -3227650.324855451472104, 2308926.14190525887534 ] ] ] } },
{ "type": "Feature", "properties": { }, "geometry": { "type": "Polygon", "coordinates": [ [ [ -3227650.324855451472104, 2897492.333181801717728 ], [ -3397554.74934016354382, 2995586.698394558858126 ], [ -3397554.74934016354382, 3191775.428820073138922 ], [ -3227650.324855451472104, 3289869.794032829347998 ], [ -3057745.900370738934726, 3191775.428820073138922 ], [ -3057745.900370738934726, 2995586.698394558858126 ], [ -3227650.324855451472104, 2897492.333181801717728 ] ] ] } },
{ "type": "Feature", "properties": { }, "geometry": { "type": "Polygon", "coordinates": [ [ [ -3227650.324855451472104, 3486058.524458343628794 ], [ -3397554.74934016354382, 3584152.889671100769192 ], [ -3397554.74934016354382, 3780341.620096615049988 ], [ -3227650.324855451472104, 3878435.985309372190386 ], [ -3057745.900370738934726, 3780341.620096615049988 ], [ -3057745.900370738934726, 3584152.889671100769192 ], [ -3227650.324855451472104, 3486058.524458343628794 ] ] ] } },
{ "type": "Feature", "properties": { }, "geometry": { "type": "Polygon", "coordinates": [ [ [ -3057745.900370738934726, -3282452.675221892539412 ], [ -3227650.324855451472104, -3184358.310009135864675 ], [ -3227650.324855451472104, -2988169.579583621583879 ], [ -3057745.900370738934726, -2890075.214370864443481 ], [ -2887841.475886026863009, -2988169.579583621583879 ], [ -2887841.475886026863009, -3184358.310009135864675 ], [ -3057745.900370738934726, -3282452.675221892539412 ] ] ] } },
{ "type": "Feature", "properties": { }, "geometry": { "type": "Polygon", "coordinates": [ [ [ -3057745.900370738934726, -2693886.483945350162685 ], [ -3227650.324855451472104, -2595792.118732593487948 ], [ -3227650.324855451472104, -2399603.388307079207152 ], [ -3057745.900370738934726, -2301509.023094322066754 ], [ -2887841.475886026863009, -2399603.388307079207152 ], [ -2887841.475886026863009, -2595792.118732593487948 ], [ -3057745.900370738934726, -2693886.483945350162685 ] ] ] } },
{ "type": "Feature", "properties": { }, "geometry": { "type": "Polygon", "coordinates": [ [ [ -3057745.900370738934726, -2105320.292668808251619 ], [ -3227650.324855451472104, -2007225.927456051111221 ], [ -3227650.324855451472104, -1811037.197030537063256 ], [ -3057745.900370738934726, -1712942.831817779922858 ], [ -2887841.475886026863009, -1811037.197030537063256 ], [ -2887841.475886026863009, -2007225.927456051111221 ], [ -3057745.900370738934726, -2105320.292668808251619 ] ] ] } },
{ "type": "Feature", "properties": { }, "geometry": { "type": "Polygon", "coordinates": [ [ [ -3057745.900370738934726, -1516754.101392265874892 ], [ -3227650.324855451472104, -1418659.736179508734494 ], [ -3227650.324855451472104, -1222471.005753994453698 ], [ -3057745.900370738934726, -1124376.6405412373133 ], [ -2887841.475886026863009, -1222471.005753994453698 ], [ -2887841.475886026863009, -1418659.736179508734494 ], [ -3057745.900370738934726, -1516754.101392265874892 ] ] ] } },
{ "type": "Feature", "properties": { }, "geometry": { "type": "Polygon", "coordinates": [ [ [ -3057745.900370738934726, -928187.910115723614581 ], [ -3227650.324855451472104, -830093.544902966357768 ], [ -3227650.324855451472104, -633904.814477452542633 ], [ -3057745.900370738934726, -535810.44926469551865 ], [ -2887841.475886026863009, -633904.814477452542633 ], [ -2887841.475886026863009, -830093.544902966357768 ], [ -3057745.900370738934726, -928187.910115723614581 ] ] ] } },
{ "type": "Feature", "properties": { }, "geometry": { "type": "Polygon", "coordinates": [ [ [ -3057745.900370738934726, -339621.718839181237854 ], [ -3227650.324855451472104, -241527.353626423981041 ], [ -3227650.324855451472104, -45338.623200910165906 ], [ -3057745.900370738934726, 52755.742011846887181 ], [ -2887841.475886026863009, -45338.623200910165906 ], [ -2887841.475886026863009, -241527.353626423981041 ], [ -3057745.900370738934726, -339621.718839181237854 ] ] ] } },
{ "type": "Feature", "properties": { }, "geometry": { "type": "Polygon", "coordinates": [ [ [ -3057745.900370738934726, 248944.472437361167977 ], [ -3227650.324855451472104, 347038.837650117930025 ], [ -3227650.324855451472104, 543227.568075632210821 ], [ -3057745.900370738934726, 641321.933288389234804 ], [ -2887841.475886026863009, 543227.568075632210821 ], [ -2887841.475886026863009, 347038.837650117930025 ], [ -3057745.900370738934726, 248944.472437361167977 ] ] ] } },
{ "type": "Feature", "properties": { }, "geometry": { "type": "Polygon", "coordinates": [ [ [ -3057745.900370738934726, 837510.6637139035156 ], [ -3227650.324855451472104, 935605.028926660772413 ], [ -3227650.324855451472104, 1131793.759352175053209 ], [ -3057745.900370738934726, 1229888.124564932193607 ], [ -2887841.475886026863009, 1131793.759352175053209 ], [ -2887841.475886026863009, 935605.028926660772413 ], [ -3057745.900370738934726, 837510.6637139035156 ] ] ] } },
{ "type": "Feature", "properties": { }, "geometry": { "type": "Polygon", "coordinates": [ [ [ -3057745.900370738934726, 1426076.854990445543081 ], [ -3227650.324855451472104, 1524171.220203202683479 ], [ -3227650.324855451472104, 1720359.950628716964275 ], [ -3057745.900370738934726, 1818454.315841474104673 ], [ -2887841.475886026863009, 1720359.950628716964275 ], [ -2887841.475886026863009, 1524171.220203202683479 ], [ -3057745.900370738934726, 1426076.854990445543081 ] ] ] } },
{ "type": "Feature", "properties": { }, "geometry": { "type": "Polygon", "coordinates": [ [ [ -3057745.900370738934726, 2014643.046266988385469 ], [ -3227650.324855451472104, 2112737.411479745525867 ], [ -3227650.324855451472104, 2308926.14190525887534 ], [ -3057745.900370738934726, 2407020.507118016015738 ], [ -2887841.475886026863009, 2308926.14190525887534 ], [ -2887841.475886026863009, 2112737.411479745525867 ], [ -3057745.900370738934726, 2014643.046266988385469 ] ] ] } },
{ "type": "Feature", "properties": { }, "geometry": { "type": "Polygon", "coordinates": [ [ [ -3057745.900370738934726, 2603209.237543530296534 ], [ -3227650.324855451472104, 2701303.602756287436932 ], [ -3227650.324855451472104, 2897492.333181801717728 ], [ -3057745.900370738934726, 2995586.698394558858126 ], [ -2887841.475886026863009, 2897492.333181801717728 ], [ -2887841.475886026863009, 2701303.602756287436932 ], [ -3057745.900370738934726, 2603209.237543530296534 ] ] ] } },
{ "type": "Feature", "properties": { }, "geometry": { "type": "Polygon", "coordinates": [ [ [ -3057745.900370738934726, 3191775.428820073138922 ], [ -3227650.324855451472104, 3289869.794032829347998 ], [ -3227650.324855451472104, 3486058.524458343628794 ], [ -3057745.900370738934726, 3584152.889671100769192 ], [ -2887841.475886026863009, 3486058.524458343628794 ], [ -2887841.475886026863009, 3289869.794032829347998 ], [ -3057745.900370738934726, 3191775.428820073138922 ] ] ] } },
{ "type": "Feature", "properties": { }, "geometry": { "type": "Polygon", "coordinates": [ [ [ -3057745.900370738934726, 3780341.620096615049988 ], [ -3227650.324855451472104, 3878435.985309372190386 ], [ -3227650.324855451472104, 4074624.715734886471182 ], [ -3057745.900370738934726, 4172719.08094764361158 ], [ -2887841.475886026863009, 4074624.715734886471182 ], [ -2887841.475886026863009, 3878435.985309372190386 ], [ -3057745.900370738934726, 3780341.620096615049988 ] ] ] } },
{ "type": "Feature", "properties": { }, "geometry": { "type": "Polygon", "coordinates": [ [ [ -2887841.475886026863009, -3576735.770860163960606 ], [ -3057745.900370738934726, -3478641.405647406820208 ], [ -3057745.900370738934726, -3282452.675221892539412 ], [ -2887841.475886026863009, -3184358.310009135864675 ], [ -2717937.051401314325631, -3282452.675221892539412 ], [ -2717937.051401314325631, -3478641.405647406820208 ], [ -2887841.475886026863009, -3576735.770860163960606 ] ] ] } },
{ "type": "Feature", "properties": { }, "geometry": { "type": "Polygon", "coordinates": [ [ [ -2887841.475886026863009, -2988169.579583621583879 ], [ -3057745.900370738934726, -2890075.214370864443481 ], [ -3057745.900370738934726, -2693886.483945350162685 ], [ -2887841.475886026863009, -2595792.118732593487948 ], [ -2717937.051401314325631, -2693886.483945350162685 ], [ -2717937.051401314325631, -2890075.214370864443481 ], [ -2887841.475886026863009, -2988169.579583621583879 ] ] ] } },
{ "type": "Feature", "properties": { }, "geometry": { "type": "Polygon", "coordinates": [ [ [ -2887841.475886026863009, -2399603.388307079207152 ], [ -3057745.900370738934726, -2301509.023094322066754 ], [ -3057745.900370738934726, -2105320.292668808251619 ], [ -2887841.475886026863009, -2007225.927456051111221 ], [ -2717937.051401314325631, -2105320.292668808251619 ], [ -2717937.051401314325631, -2301509.023094322066754 ], [ -2887841.475886026863009, -2399603.388307079207152 ] ] ] } },
{ "type": "Feature", "properties": { }, "geometry": { "type": "Polygon", "coordinates": [ [ [ -2887841.475886026863009, -1811037.197030537063256 ], [ -3057745.900370738934726, -1712942.831817779922858 ], [ -3057745.900370738934726, -1516754.101392265874892 ], [ -2887841.475886026863009, -1418659.736179508734494 ], [ -2717937.051401314325631, -1516754.101392265874892 ], [ -2717937.051401314325631, -1712942.831817779922858 ], [ -2887841.475886026863009, -1811037.197030537063256 ] ] ] } },
{ "type": "Feature", "properties": { }, "geometry": { "type": "Polygon", "coordinates": [ [ [ -2887841.475886026863009, -1222471.005753994453698 ], [ -3057745.900370738934726, -1124376.6405412373133 ], [ -3057745.900370738934726, -928187.910115723614581 ], [ -2887841.475886026863009, -830093.544902966357768 ], [ -2717937.051401314325631, -928187.910115723614581 ], [ -2717937.051401314325631, -1124376.6405412373133 ], [ -2887841.475886026863009, -1222471.005753994453698 ] ] ] } },
{ "type": "Feature", "properties": { }, "geometry": { "type": "Polygon", "coordinates": [ [ [ -2887841.475886026863009, -633904.814477452542633 ], [ -3057745.900370738934726, -535810.44926469551865 ], [ -3057745.900370738934726, -339621.718839181237854 ], [ -2887841.475886026863009, -241527.353626423981041 ], [ -2717937.051401314325631, -339621.718839181237854 ], [ -2717937.051401314325631, -535810.44926469551865 ], [ -2887841.475886026863009, -633904.814477452542633 ] ] ] } },
{ "type": "Feature", "properties": { }, "geometry": { "type": "Polygon", "coordinates": [ [ [ -2887841.475886026863009, -45338.623200910165906 ], [ -3057745.900370738934726, 52755.742011846887181 ], [ -3057745.900370738934726, 248944.472437361167977 ], [ -2887841.475886026863009, 347038.837650117930025 ], [ -2717937.051401314325631, 248944.472437361167977 ], [ -2717937.051401314325631, 52755.742011846887181 ], [ -2887841.475886026863009, -45338.623200910165906 ] ] ] } },
{ "type": "Feature", "properties": { }, "geometry": { "type": "Polygon", "coordinates": [ [ [ -2887841.475886026863009, 543227.568075632210821 ], [ -3057745.900370738934726, 641321.933288389234804 ], [ -3057745.900370738934726, 837510.6637139035156 ], [ -2887841.475886026863009, 935605.028926660772413 ], [ -2717937.051401314325631, 837510.6637139035156 ], [ -2717937.051401314325631, 641321.933288389234804 ], [ -2887841.475886026863009, 543227.568075632210821 ] ] ] } },
{ "type": "Feature", "properties": { }, "geometry": { "type": "Polygon", "coordinates": [ [ [ -2887841.475886026863009, 1131793.759352175053209 ], [ -3057745.900370738934726, 1229888.124564932193607 ], [ -3057745.900370738934726, 1426076.854990445543081 ], [ -2887841.475886026863009, 1524171.220203202683479 ], [ -2717937.051401314325631, 1426076.854990445543081 ], [ -2717937.051401314325631, 1229888.124564932193607 ], [ -2887841.475886026863009, 1131793.759352175053209 ] ] ] } },
{ "type": "Feature", "properties": { }, "geometry": { "type": "Polygon", "coordinates": [ [ [ -2887841.475886026863009, 1720359.950628716964275 ], [ -3057745.900370738934726, 1818454.315841474104673 ], [ -3057745.900370738934726, 2014643.046266988385469 ], [ -2887841.475886026863009, 2112737.411479745525867 ], [ -2717937.051401314325631, 2014643.046266988385469 ], [ -2717937.051401314325631, 1818454.315841474104673 ], [ -2887841.475886026863009, 1720359.950628716964275 ] ] ] } },
{ "type": "Feature", "properties": { }, "geometry": { "type": "Polygon", "coordinates": [ [ [ -2887841.475886026863009, 2308926.14190525887534 ], [ -3057745.900370738934726, 2407020.507118016015738 ], [ -3057745.900370738934726, 2603209.237543530296534 ], [ -2887841.475886026863009, 2701303.602756287436932 ], [ -2717937.051401314325631, 2603209.237543530296534 ], [ -2717937.051401314325631, 2407020.507118016015738 ], [ -2887841.475886026863009, 2308926.14190525887534 ] ] ] } },
{ "type": "Feature", "properties": { }, "geometry": { "type": "Polygon", "coordinates": [ [ [ -2887841.475886026863009, 2897492.333181801717728 ], [ -3057745.900370738934726, 2995586.698394558858126 ], [ -3057745.900370738934726, 3191775.428820073138922 ], [ -2887841.475886026863009, 3289869.794032829347998 ], [ -2717937.051401314325631, 3191775.428820073138922 ], [ -2717937.051401314325631, 2995586.698394558858126 ], [ -2887841.475886026863009, 2897492.333181801717728 ] ] ] } },
{ "type": "Feature", "properties": { }, "geometry": { "type": "Polygon", "coordinates": [ [ [ -2887841.475886026863009, 3486058.524458343628794 ], [ -3057745.900370738934726, 3584152.889671100769192 ], [ -3057745.900370738934726, 3780341.620096615049988 ], [ -2887841.475886026863009, 3878435.985309372190386 ], [ -2717937.051401314325631, 3780341.620096615049988 ], [ -2717937.051401314325631, 3584152.889671100769192 ], [ -2887841.475886026863009, 3486058.524458343628794 ] ] ] } },
{ "type": "Feature", "properties": { }, "geometry": { "type": "Polygon", "coordinates": [ [ [ -2717937.051401314325631, -3282452.675221892539412 ], [ -2887841.475886026863009, -3184358.310009135864675 ], [ -2887841.475886026863009, -2988169.579583621583879 ], [ -2717937.051401314325631, -2890075.214370864443481 ], [ -2548032.626916602253914, -2988169.579583621583879 ], [ -2548032.626916602253914, -3184358.310009135864675 ], [ -2717937.051401314325631, -3282452.675221892539412 ] ] ] } },
{ "type": "Feature", "properties": { }, "geometry": { "type": "Polygon", "coordinates": [ [ [ -2717937.051401314325631, -2693886.483945350162685 ], [ -2887841.475886026863009, -2595792.118732593487948 ], [ -2887841.475886026863009, -2399603.388307079207152 ], [ -2717937.051401314325631, -2301509.023094322066754 ], [ -2548032.626916602253914, -2399603.388307079207152 ], [ -2548032.626916602253914, -2595792.118732593487948 ], [ -2717937.051401314325631, -2693886.483945350162685 ] ] ] } },
{ "type": "Feature", "properties": { }, "geometry": { "type": "Polygon", "coordinates": [ [ [ -2717937.051401314325631, -2105320.292668808251619 ], [ -2887841.475886026863009, -2007225.927456051111221 ], [ -2887841.475886026863009, -1811037.197030537063256 ], [ -2717937.051401314325631, -1712942.831817779922858 ], [ -2548032.626916602253914, -1811037.197030537063256 ], [ -2548032.626916602253914, -2007225.927456051111221 ], [ -2717937.051401314325631, -2105320.292668808251619 ] ] ] } },
{ "type": "Feature", "properties": { }, "geometry": { "type": "Polygon", "coordinates": [ [ [ -2717937.051401314325631, -1516754.101392265874892 ], [ -2887841.475886026863009, -1418659.736179508734494 ], [ -2887841.475886026863009, -1222471.005753994453698 ], [ -2717937.051401314325631, -1124376.6405412373133 ], [ -2548032.626916602253914, -1222471.005753994453698 ], [ -2548032.626916602253914, -1418659.736179508734494 ], [ -2717937.051401314325631, -1516754.101392265874892 ] ] ] } },
{ "type": "Feature", "properties": { }, "geometry": { "type": "Polygon", "coordinates": [ [ [ -2717937.051401314325631, -928187.910115723614581 ], [ -2887841.475886026863009, -830093.544902966357768 ], [ -2887841.475886026863009, -633904.814477452542633 ], [ -2717937.051401314325631, -535810.44926469551865 ], [ -2548032.626916602253914, -633904.814477452542633 ], [ -2548032.626916602253914, -830093.544902966357768 ], [ -2717937.051401314325631, -928187.910115723614581 ] ] ] } },
{ "type": "Feature", "properties": { }, "geometry": { "type": "Polygon", "coordinates": [ [ [ -2717937.051401314325631, -339621.718839181237854 ], [ -2887841.475886026863009, -241527.353626423981041 ], [ -2887841.475886026863009, -45338.623200910165906 ], [ -2717937.051401314325631, 52755.742011846887181 ], [ -2548032.626916602253914, -45338.623200910165906 ], [ -2548032.626916602253914, -241527.353626423981041 ], [ -2717937.051401314325631, -339621.718839181237854 ] ] ] } },
{ "type": "Feature", "properties": { }, "geometry": { "type": "Polygon", "coordinates": [ [ [ -2717937.051401314325631, 248944.472437361167977 ], [ -2887841.475886026863009, 347038.837650117930025 ], [ -2887841.475886026863009, 543227.568075632210821 ], [ -2717937.051401314325631, 641321.933288389234804 ], [ -2548032.626916602253914, 543227.568075632210821 ], [ -2548032.626916602253914, 347038.837650117930025 ], [ -2717937.051401314325631, 248944.472437361167977 ] ] ] } },
{ "type": "Feature", "properties": { }, "geometry": { "type": "Polygon", "coordinates": [ [ [ -2717937.051401314325631, 837510.6637139035156 ], [ -2887841.475886026863009, 935605.028926660772413 ], [ -2887841.475886026863009, 1131793.759352175053209 ], [ -2717937.051401314325631, 1229888.124564932193607 ], [ -2548032.626916602253914, 1131793.759352175053209 ], [ -2548032.626916602253914, 935605.028926660772413 ], [ -2717937.051401314325631, 837510.6637139035156 ] ] ] } },
{ "type": "Feature", "properties": { }, "geometry": { "type": "Polygon", "coordinates": [ [ [ -2717937.051401314325631, 1426076.854990445543081 ], [ -2887841.475886026863009, 1524171.220203202683479 ], [ -2887841.475886026863009, 1720359.950628716964275 ], [ -2717937.051401314325631, 1818454.315841474104673 ], [ -2548032.626916602253914, 1720359.950628716964275 ], [ -2548032.626916602253914, 1524171.220203202683479 ], [ -2717937.051401314325631, 1426076.854990445543081 ] ] ] } },
{ "type": "Feature", "properties": { }, "geometry": { "type": "Polygon", "coordinates": [ [ [ -2717937.051401314325631, 2014643.046266988385469 ], [ -2887841.475886026863009, 2112737.411479745525867 ], [ -2887841.475886026863009, 2308926.14190525887534 ], [ -2717937.051401314325631, 2407020.507118016015738 ], [ -2548032.626916602253914, 2308926.14190525887534 ], [ -2548032.626916602253914, 2112737.411479745525867 ], [ -2717937.051401314325631, 2014643.046266988385469 ] ] ] } },
{ "type": "Feature", "properties": { }, "geometry": { "type": "Polygon", "coordinates": [ [ [ -2717937.051401314325631, 2603209.237543530296534 ], [ -2887841.475886026863009, 2701303.602756287436932 ], [ -2887841.475886026863009, 2897492.333181801717728 ], [ -2717937.051401314325631, 2995586.698394558858126 ], [ -2548032.626916602253914, 2897492.333181801717728 ], [ -2548032.626916602253914, 2701303.602756287436932 ], [ -2717937.051401314325631, 2603209.237543530296534 ] ] ] } },
{ "type": "Feature", "properties": { }, "geometry": { "type": "Polygon", "coordinates": [ [ [ -2717937.051401314325631, 3191775.428820073138922 ], [ -2887841.475886026863009, 3289869.794032829347998 ], [ -2887841.475886026863009, 3486058.524458343628794 ], [ -2717937.051401314325631, 3584152.889671100769192 ], [ -2548032.626916602253914, 3486058.524458343628794 ], [ -2548032.626916602253914, 3289869.794032829347998 ], [ -2717937.051401314325631, 3191775.428820073138922 ] ] ] } },
{ "type": "Feature", "properties": { }, "geometry": { "type": "Polygon", "coordinates": [ [ [ -2717937.051401314325631, 3780341.620096615049988 ], [ -2887841.475886026863009, 3878435.985309372190386 ], [ -2887841.475886026863009, 4074624.715734886471182 ], [ -2717937.051401314325631, 4172719.08094764361158 ], [ -2548032.626916602253914, 4074624.715734886471182 ], [ -2548032.626916602253914, 3878435.985309372190386 ], [ -2717937.051401314325631, 3780341.620096615049988 ] ] ] } },
{ "type": "Feature", "properties": { }, "geometry": { "type": "Polygon", "coordinates": [ [ [ -2548032.626916602253914, -3576735.770860163960606 ], [ -2717937.051401314325631, -3478641.405647406820208 ], [ -2717937.051401314325631, -3282452.675221892539412 ], [ -2548032.626916602253914, -3184358.310009135864675 ], [ -2378128.202431890182197, -3282452.675221892539412 ], [ -2378128.202431890182197, -3478641.405647406820208 ], [ -2548032.626916602253914, -3576735.770860163960606 ] ] ] } },
{ "type": "Feature", "properties": { }, "geometry": { "type": "Polygon", "coordinates": [ [ [ -2548032.626916602253914, -2988169.579583621583879 ], [ -2717937.051401314325631, -2890075.214370864443481 ], [ -2717937.051401314325631, -2693886.483945350162685 ], [ -2548032.626916602253914, -2595792.118732593487948 ], [ -2378128.202431890182197, -2693886.483945350162685 ], [ -2378128.202431890182197, -2890075.214370864443481 ], [ -2548032.626916602253914, -2988169.579583621583879 ] ] ] } },
{ "type": "Feature", "properties": { }, "geometry": { "type": "Polygon", "coordinates": [ [ [ -2548032.626916602253914, -2399603.388307079207152 ], [ -2717937.051401314325631, -2301509.023094322066754 ], [ -2717937.051401314325631, -2105320.292668808251619 ], [ -2548032.626916602253914, -2007225.927456051111221 ], [ -2378128.202431890182197, -2105320.292668808251619 ], [ -2378128.202431890182197, -2301509.023094322066754 ], [ -2548032.626916602253914, -2399603.388307079207152 ] ] ] } },
{ "type": "Feature", "properties": { }, "geometry": { "type": "Polygon", "coordinates": [ [ [ -2548032.626916602253914, -1811037.197030537063256 ], [ -2717937.051401314325631, -1712942.831817779922858 ], [ -2717937.051401314325631, -1516754.101392265874892 ], [ -2548032.626916602253914, -1418659.736179508734494 ], [ -2378128.202431890182197, -1516754.101392265874892 ], [ -2378128.202431890182197, -1712942.831817779922858 ], [ -2548032.626916602253914, -1811037.197030537063256 ] ] ] } },
{ "type": "Feature", "properties": { }, "geometry": { "type": "Polygon", "coordinates": [ [ [ -2548032.626916602253914, -1222471.005753994453698 ], [ -2717937.051401314325631, -1124376.6405412373133 ], [ -2717937.051401314325631, -928187.910115723614581 ], [ -2548032.626916602253914, -830093.544902966357768 ], [ -2378128.202431890182197, -928187.910115723614581 ], [ -2378128.202431890182197, -1124376.6405412373133 ], [ -2548032.626916602253914, -1222471.005753994453698 ] ] ] } },
{ "type": "Feature", "properties": { }, "geometry": { "type": "Polygon", "coordinates": [ [ [ -2548032.626916602253914, -633904.814477452542633 ], [ -2717937.051401314325631, -535810.44926469551865 ], [ -2717937.051401314325631, -339621.718839181237854 ], [ -2548032.626916602253914, -241527.353626423981041 ], [ -2378128.202431890182197, -339621.718839181237854 ], [ -2378128.202431890182197, -535810.44926469551865 ], [ -2548032.626916602253914, -633904.814477452542633 ] ] ] } },
{ "type": "Feature", "properties": { }, "geometry": { "type": "Polygon", "coordinates": [ [ [ -2548032.626916602253914, -45338.623200910165906 ], [ -2717937.051401314325631, 52755.742011846887181 ], [ -2717937.051401314325631, 248944.472437361167977 ], [ -2548032.626916602253914, 347038.837650117930025 ], [ -2378128.202431890182197, 248944.472437361167977 ], [ -2378128.202431890182197, 52755.742011846887181 ], [ -2548032.626916602253914, -45338.623200910165906 ] ] ] } },
{ "type": "Feature", "properties": { }, "geometry": { "type": "Polygon", "coordinates": [ [ [ -2548032.626916602253914, 543227.568075632210821 ], [ -2717937.051401314325631, 641321.933288389234804 ], [ -2717937.051401314325631, 837510.6637139035156 ], [ -2548032.626916602253914, 935605.028926660772413 ], [ -2378128.202431890182197, 837510.6637139035156 ], [ -2378128.202431890182197, 641321.933288389234804 ], [ -2548032.626916602253914, 543227.568075632210821 ] ] ] } },
{ "type": "Feature", "properties": { }, "geometry": { "type": "Polygon", "coordinates": [ [ [ -2548032.626916602253914, 1131793.759352175053209 ], [ -2717937.051401314325631, 1229888.124564932193607 ], [ -2717937.051401314325631, 1426076.854990445543081 ], [ -2548032.626916602253914, 1524171.220203202683479 ], [ -2378128.202431890182197, 1426076.854990445543081 ], [ -2378128.202431890182197, 1229888.124564932193607 ], [ -2548032.626916602253914, 1131793.759352175053209 ] ] ] } },
{ "type": "Feature", "properties": { }, "geometry": { "type": "Polygon", "coordinates": [ [ [ -2548032.626916602253914, 1720359.950628716964275 ], [ -2717937.051401314325631, 1818454.315841474104673 ], [ -2717937.051401314325631, 2014643.046266988385469 ], [ -2548032.626916602253914, 2112737.411479745525867 ], [ -2378128.202431890182197, 2014643.046266988385469 ], [ -2378128.202431890182197, 1818454.315841474104673 ], [ -2548032.626916602253914, 1720359.950628716964275 ] ] ] } },
{ "type": "Feature", "properties": { }, "geometry": { "type": "Polygon", "coordinates": [ [ [ -2548032.626916602253914, 2308926.14190525887534 ], [ -2717937.051401314325631, 2407020.507118016015738 ], [ -2717937.051401314325631, 2603209.237543530296534 ], [ -2548032.626916602253914, 2701303.602756287436932 ], [ -2378128.202431890182197, 2603209.237543530296534 ], [ -2378128.202431890182197, 2407020.507118016015738 ], [ -2548032.626916602253914, 2308926.14190525887534 ] ] ] } },
{ "type": "Feature", "properties": { }, "geometry": { "type": "Polygon", "coordinates": [ [ [ -2548032.626916602253914, 2897492.333181801717728 ], [ -2717937.051401314325631, 2995586.698394558858126 ], [ -2717937.051401314325631, 3191775.428820073138922 ], [ -2548032.626916602253914, 3289869.794032829347998 ], [ -2378128.202431890182197, 3191775.428820073138922 ], [ -2378128.202431890182197, 2995586.698394558858126 ], [ -2548032.626916602253914, 2897492.333181801717728 ] ] ] } },
{ "type": "Feature", "properties": { }, "geometry": { "type": "Polygon", "coordinates": [ [ [ -2548032.626916602253914, 3486058.524458343628794 ], [ -2717937.051401314325631, 3584152.889671100769192 ], [ -2717937.051401314325631, 3780341.620096615049988 ], [ -2548032.626916602253914, 3878435.985309372190386 ], [ -2378128.202431890182197, 3780341.620096615049988 ], [ -2378128.202431890182197, 3584152.889671100769192 ], [ -2548032.626916602253914, 3486058.524458343628794 ] ] ] } },
{ "type": "Feature", "properties": { }, "geometry": { "type": "Polygon", "coordinates": [ [ [ -2378128.202431890182197, -3282452.675221892539412 ], [ -2548032.626916602253914, -3184358.310009135864675 ], [ -2548032.626916602253914, -2988169.579583621583879 ], [ -2378128.202431890182197, -2890075.214370864443481 ], [ -2208223.77794717811048, -2988169.579583621583879 ], [ -2208223.77794717811048, -3184358.310009135864675 ], [ -2378128.202431890182197, -3282452.675221892539412 ] ] ] } },
{ "type": "Feature", "properties": { }, "geometry": { "type": "Polygon", "coordinates": [ [ [ -2378128.202431890182197, -2693886.483945350162685 ], [ -2548032.626916602253914, -2595792.118732593487948 ], [ -2548032.626916602253914, -2399603.388307079207152 ], [ -2378128.202431890182197, -2301509.023094322066754 ], [ -2208223.77794717811048, -2399603.388307079207152 ], [ -2208223.77794717811048, -2595792.118732593487948 ], [ -2378128.202431890182197, -2693886.483945350162685 ] ] ] } },
{ "type": "Feature", "properties": { }, "geometry": { "type": "Polygon", "coordinates": [ [ [ -2378128.202431890182197, -2105320.292668808251619 ], [ -2548032.626916602253914, -2007225.927456051111221 ], [ -2548032.626916602253914, -1811037.197030537063256 ], [ -2378128.202431890182197, -1712942.831817779922858 ], [ -2208223.77794717811048, -1811037.197030537063256 ], [ -2208223.77794717811048, -2007225.927456051111221 ], [ -2378128.202431890182197, -2105320.292668808251619 ] ] ] } },
{ "type": "Feature", "properties": { }, "geometry": { "type": "Polygon", "coordinates": [ [ [ -2378128.202431890182197, -1516754.101392265874892 ], [ -2548032.626916602253914, -1418659.736179508734494 ], [ -2548032.626916602253914, -1222471.005753994453698 ], [ -2378128.202431890182197, -1124376.6405412373133 ], [ -2208223.77794717811048, -1222471.005753994453698 ], [ -2208223.77794717811048, -1418659.736179508734494 ], [ -2378128.202431890182197, -1516754.101392265874892 ] ] ] } },
{ "type": "Feature", "properties": { }, "geometry": { "type": "Polygon", "coordinates": [ [ [ -2378128.202431890182197, -928187.910115723614581 ], [ -2548032.626916602253914, -830093.544902966357768 ], [ -2548032.626916602253914, -633904.814477452542633 ], [ -2378128.202431890182197, -535810.44926469551865 ], [ -2208223.77794717811048, -633904.814477452542633 ], [ -2208223.77794717811048, -830093.544902966357768 ], [ -2378128.202431890182197, -928187.910115723614581 ] ] ] } },
{ "type": "Feature", "properties": { }, "geometry": { "type": "Polygon", "coordinates": [ [ [ -2378128.202431890182197, -339621.718839181237854 ], [ -2548032.626916602253914, -241527.353626423981041 ], [ -2548032.626916602253914, -45338.623200910165906 ], [ -2378128.202431890182197, 52755.742011846887181 ], [ -2208223.77794717811048, -45338.623200910165906 ], [ -2208223.77794717811048, -241527.353626423981041 ], [ -2378128.202431890182197, -339621.718839181237854 ] ] ] } },
{ "type": "Feature", "properties": { }, "geometry": { "type": "Polygon", "coordinates": [ [ [ -2378128.202431890182197, 248944.472437361167977 ], [ -2548032.626916602253914, 347038.837650117930025 ], [ -2548032.626916602253914, 543227.568075632210821 ], [ -2378128.202431890182197, 641321.933288389234804 ], [ -2208223.77794717811048, 543227.568075632210821 ], [ -2208223.77794717811048, 347038.837650117930025 ], [ -2378128.202431890182197, 248944.472437361167977 ] ] ] } },
{ "type": "Feature", "properties": { }, "geometry": { "type": "Polygon", "coordinates": [ [ [ -2378128.202431890182197, 837510.6637139035156 ], [ -2548032.626916602253914, 935605.028926660772413 ], [ -2548032.626916602253914, 1131793.759352175053209 ], [ -2378128.202431890182197, 1229888.124564932193607 ], [ -2208223.77794717811048, 1131793.759352175053209 ], [ -2208223.77794717811048, 935605.028926660772413 ], [ -2378128.202431890182197, 837510.6637139035156 ] ] ] } },
{ "type": "Feature", "properties": { }, "geometry": { "type": "Polygon", "coordinates": [ [ [ -2378128.202431890182197, 1426076.854990445543081 ], [ -2548032.626916602253914, 1524171.220203202683479 ], [ -2548032.626916602253914, 1720359.950628716964275 ], [ -2378128.202431890182197, 1818454.315841474104673 ], [ -2208223.77794717811048, 1720359.950628716964275 ], [ -2208223.77794717811048, 1524171.220203202683479 ], [ -2378128.202431890182197, 1426076.854990445543081 ] ] ] } },
{ "type": "Feature", "properties": { }, "geometry": { "type": "Polygon", "coordinates": [ [ [ -2378128.202431890182197, 2014643.046266988385469 ], [ -2548032.626916602253914, 2112737.411479745525867 ], [ -2548032.626916602253914, 2308926.14190525887534 ], [ -2378128.202431890182197, 2407020.507118016015738 ], [ -2208223.77794717811048, 2308926.14190525887534 ], [ -2208223.77794717811048, 2112737.411479745525867 ], [ -2378128.202431890182197, 2014643.046266988385469 ] ] ] } },
{ "type": "Feature", "properties": { }, "geometry": { "type": "Polygon", "coordinates": [ [ [ -2378128.202431890182197, 2603209.237543530296534 ], [ -2548032.626916602253914, 2701303.602756287436932 ], [ -2548032.626916602253914, 2897492.333181801717728 ], [ -2378128.202431890182197, 2995586.698394558858126 ], [ -2208223.77794717811048, 2897492.333181801717728 ], [ -2208223.77794717811048, 2701303.602756287436932 ], [ -2378128.202431890182197, 2603209.237543530296534 ] ] ] } },
{ "type": "Feature", "properties": { }, "geometry": { "type": "Polygon", "coordinates": [ [ [ -2378128.202431890182197, 3191775.428820073138922 ], [ -2548032.626916602253914, 3289869.794032829347998 ], [ -2548032.626916602253914, 3486058.524458343628794 ], [ -2378128.202431890182197, 3584152.889671100769192 ], [ -2208223.77794717811048, 3486058.524458343628794 ], [ -2208223.77794717811048, 3289869.794032829347998 ], [ -2378128.202431890182197, 3191775.428820073138922 ] ] ] } },
{ "type": "Feature", "properties": { }, "geometry": { "type": "Polygon", "coordinates": [ [ [ -2378128.202431890182197, 3780341.620096615049988 ], [ -2548032.626916602253914, 3878435.985309372190386 ], [ -2548032.626916602253914, 4074624.715734886471182 ], [ -2378128.202431890182197, 4172719.08094764361158 ], [ -2208223.77794717811048, 4074624.715734886471182 ], [ -2208223.77794717811048, 3878435.985309372190386 ], [ -2378128.202431890182197, 3780341.620096615049988 ] ] ] } },
{ "type": "Feature", "properties": { }, "geometry": { "type": "Polygon", "coordinates": [ [ [ -2208223.77794717811048, -3576735.770860163960606 ], [ -2378128.202431890182197, -3478641.405647406820208 ], [ -2378128.202431890182197, -3282452.675221892539412 ], [ -2208223.77794717811048, -3184358.310009135864675 ], [ -2038319.353462465573102, -3282452.675221892539412 ], [ -2038319.353462465573102, -3478641.405647406820208 ], [ -2208223.77794717811048, -3576735.770860163960606 ] ] ] } },
{ "type": "Feature", "properties": { }, "geometry": { "type": "Polygon", "coordinates": [ [ [ -2208223.77794717811048, -2988169.579583621583879 ], [ -2378128.202431890182197, -2890075.214370864443481 ], [ -2378128.202431890182197, -2693886.483945350162685 ], [ -2208223.77794717811048, -2595792.118732593487948 ], [ -2038319.353462465573102, -2693886.483945350162685 ], [ -2038319.353462465573102, -2890075.214370864443481 ], [ -2208223.77794717811048, -2988169.579583621583879 ] ] ] } },
{ "type": "Feature", "properties": { }, "geometry": { "type": "Polygon", "coordinates": [ [ [ -2208223.77794717811048, -2399603.388307079207152 ], [ -2378128.202431890182197, -2301509.023094322066754 ], [ -2378128.202431890182197, -2105320.292668808251619 ], [ -2208223.77794717811048, -2007225.927456051111221 ], [ -2038319.353462465573102, -2105320.292668808251619 ], [ -2038319.353462465573102, -2301509.023094322066754 ], [ -2208223.77794717811048, -2399603.388307079207152 ] ] ] } },
{ "type": "Feature", "properties": { }, "geometry": { "type": "Polygon", "coordinates": [ [ [ -2208223.77794717811048, -1811037.197030537063256 ], [ -2378128.202431890182197, -1712942.831817779922858 ], [ -2378128.202431890182197, -1516754.101392265874892 ], [ -2208223.77794717811048, -1418659.736179508734494 ], [ -2038319.353462465573102, -1516754.101392265874892 ], [ -2038319.353462465573102, -1712942.831817779922858 ], [ -2208223.77794717811048, -1811037.197030537063256 ] ] ] } },
{ "type": "Feature", "properties": { }, "geometry": { "type": "Polygon", "coordinates": [ [ [ -2208223.77794717811048, -1222471.005753994453698 ], [ -2378128.202431890182197, -1124376.6405412373133 ], [ -2378128.202431890182197, -928187.910115723614581 ], [ -2208223.77794717811048, -830093.544902966357768 ], [ -2038319.353462465573102, -928187.910115723614581 ], [ -2038319.353462465573102, -1124376.6405412373133 ], [ -2208223.77794717811048, -1222471.005753994453698 ] ] ] } },
{ "type": "Feature", "properties": { }, "geometry": { "type": "Polygon", "coordinates": [ [ [ -2208223.77794717811048, -633904.814477452542633 ], [ -2378128.202431890182197, -535810.44926469551865 ], [ -2378128.202431890182197, -339621.718839181237854 ], [ -2208223.77794717811048, -241527.353626423981041 ], [ -2038319.353462465573102, -339621.718839181237854 ], [ -2038319.353462465573102, -535810.44926469551865 ], [ -2208223.77794717811048, -633904.814477452542633 ] ] ] } },
{ "type": "Feature", "properties": { }, "geometry": { "type": "Polygon", "coordinates": [ [ [ -2208223.77794717811048, -45338.623200910165906 ], [ -2378128.202431890182197, 52755.742011846887181 ], [ -2378128.202431890182197, 248944.472437361167977 ], [ -2208223.77794717811048, 347038.837650117930025 ], [ -2038319.353462465573102, 248944.472437361167977 ], [ -2038319.353462465573102, 52755.742011846887181 ], [ -2208223.77794717811048, -45338.623200910165906 ] ] ] } },
{ "type": "Feature", "properties": { }, "geometry": { "type": "Polygon", "coordinates": [ [ [ -2208223.77794717811048, 543227.568075632210821 ], [ -2378128.202431890182197, 641321.933288389234804 ], [ -2378128.202431890182197, 837510.6637139035156 ], [ -2208223.77794717811048, 935605.028926660772413 ], [ -2038319.353462465573102, 837510.6637139035156 ], [ -2038319.353462465573102, 641321.933288389234804 ], [ -2208223.77794717811048, 543227.568075632210821 ] ] ] } },
{ "type": "Feature", "properties": { }, "geometry": { "type": "Polygon", "coordinates": [ [ [ -2208223.77794717811048, 1131793.759352175053209 ], [ -2378128.202431890182197, 1229888.124564932193607 ], [ -2378128.202431890182197, 1426076.854990445543081 ], [ -2208223.77794717811048, 1524171.220203202683479 ], [ -2038319.353462465573102, 1426076.854990445543081 ], [ -2038319.353462465573102, 1229888.124564932193607 ], [ -2208223.77794717811048, 1131793.759352175053209 ] ] ] } },
{ "type": "Feature", "properties": { }, "geometry": { "type": "Polygon", "coordinates": [ [ [ -2208223.77794717811048, 1720359.950628716964275 ], [ -2378128.202431890182197, 1818454.315841474104673 ], [ -2378128.202431890182197, 2014643.046266988385469 ], [ -2208223.77794717811048, 2112737.411479745525867 ], [ -2038319.353462465573102, 2014643.046266988385469 ], [ -2038319.353462465573102, 1818454.315841474104673 ], [ -2208223.77794717811048, 1720359.950628716964275 ] ] ] } },
{ "type": "Feature", "properties": { }, "geometry": { "type": "Polygon", "coordinates": [ [ [ -2208223.77794717811048, 2308926.14190525887534 ], [ -2378128.202431890182197, 2407020.507118016015738 ], [ -2378128.202431890182197, 2603209.237543530296534 ], [ -2208223.77794717811048, 2701303.602756287436932 ], [ -2038319.353462465573102, 2603209.237543530296534 ], [ -2038319.353462465573102, 2407020.507118016015738 ], [ -2208223.77794717811048, 2308926.14190525887534 ] ] ] } },
{ "type": "Feature", "properties": { }, "geometry": { "type": "Polygon", "coordinates": [ [ [ -2208223.77794717811048, 2897492.333181801717728 ], [ -2378128.202431890182197, 2995586.698394558858126 ], [ -2378128.202431890182197, 3191775.428820073138922 ], [ -2208223.77794717811048, 3289869.794032829347998 ], [ -2038319.353462465573102, 3191775.428820073138922 ], [ -2038319.353462465573102, 2995586.698394558858126 ], [ -2208223.77794717811048, 2897492.333181801717728 ] ] ] } },
{ "type": "Feature", "properties": { }, "geometry": { "type": "Polygon", "coordinates": [ [ [ -2208223.77794717811048, 3486058.524458343628794 ], [ -2378128.202431890182197, 3584152.889671100769192 ], [ -2378128.202431890182197, 3780341.620096615049988 ], [ -2208223.77794717811048, 3878435.985309372190386 ], [ -2038319.353462465573102, 3780341.620096615049988 ], [ -2038319.353462465573102, 3584152.889671100769192 ], [ -2208223.77794717811048, 3486058.524458343628794 ] ] ] } },
{ "type": "Feature", "properties": { }, "geometry": { "type": "Polygon", "coordinates": [ [ [ -2038319.353462465573102, -3282452.675221892539412 ], [ -2208223.77794717811048, -3184358.310009135864675 ], [ -2208223.77794717811048, -2988169.579583621583879 ], [ -2038319.353462465573102, -2890075.214370864443481 ], [ -1868414.928977753501385, -2988169.579583621583879 ], [ -1868414.928977753501385, -3184358.310009135864675 ], [ -2038319.353462465573102, -3282452.675221892539412 ] ] ] } },
{ "type": "Feature", "properties": { }, "geometry": { "type": "Polygon", "coordinates": [ [ [ -2038319.353462465573102, -2693886.483945350162685 ], [ -2208223.77794717811048, -2595792.118732593487948 ], [ -2208223.77794717811048, -2399603.388307079207152 ], [ -2038319.353462465573102, -2301509.023094322066754 ], [ -1868414.928977753501385, -2399603.388307079207152 ], [ -1868414.928977753501385, -2595792.118732593487948 ], [ -2038319.353462465573102, -2693886.483945350162685 ] ] ] } },
{ "type": "Feature", "properties": { }, "geometry": { "type": "Polygon", "coordinates": [ [ [ -2038319.353462465573102, -2105320.292668808251619 ], [ -2208223.77794717811048, -2007225.927456051111221 ], [ -2208223.77794717811048, -1811037.197030537063256 ], [ -2038319.353462465573102, -1712942.831817779922858 ], [ -1868414.928977753501385, -1811037.197030537063256 ], [ -1868414.928977753501385, -2007225.927456051111221 ], [ -2038319.353462465573102, -2105320.292668808251619 ] ] ] } },
{ "type": "Feature", "properties": { }, "geometry": { "type": "Polygon", "coordinates": [ [ [ -2038319.353462465573102, -1516754.101392265874892 ], [ -2208223.77794717811048, -1418659.736179508734494 ], [ -2208223.77794717811048, -1222471.005753994453698 ], [ -2038319.353462465573102, -1124376.6405412373133 ], [ -1868414.928977753501385, -1222471.005753994453698 ], [ -1868414.928977753501385, -1418659.736179508734494 ], [ -2038319.353462465573102, -1516754.101392265874892 ] ] ] } },
{ "type": "Feature", "properties": { }, "geometry": { "type": "Polygon", "coordinates": [ [ [ -2038319.353462465573102, -928187.910115723614581 ], [ -2208223.77794717811048, -830093.544902966357768 ], [ -2208223.77794717811048, -633904.814477452542633 ], [ -2038319.353462465573102, -535810.44926469551865 ], [ -1868414.928977753501385, -633904.814477452542633 ], [ -1868414.928977753501385, -830093.544902966357768 ], [ -2038319.353462465573102, -928187.910115723614581 ] ] ] } },
{ "type": "Feature", "properties": { }, "geometry": { "type": "Polygon", "coordinates": [ [ [ -2038319.353462465573102, -339621.718839181237854 ], [ -2208223.77794717811048, -241527.353626423981041 ], [ -2208223.77794717811048, -45338.623200910165906 ], [ -2038319.353462465573102, 52755.742011846887181 ], [ -1868414.928977753501385, -45338.623200910165906 ], [ -1868414.928977753501385, -241527.353626423981041 ], [ -2038319.353462465573102, -339621.718839181237854 ] ] ] } },
{ "type": "Feature", "properties": { }, "geometry": { "type": "Polygon", "coordinates": [ [ [ -2038319.353462465573102, 248944.472437361167977 ], [ -2208223.77794717811048, 347038.837650117930025 ], [ -2208223.77794717811048, 543227.568075632210821 ], [ -2038319.353462465573102, 641321.933288389234804 ], [ -1868414.928977753501385, 543227.568075632210821 ], [ -1868414.928977753501385, 347038.837650117930025 ], [ -2038319.353462465573102, 248944.472437361167977 ] ] ] } },
{ "type": "Feature", "properties": { }, "geometry": { "type": "Polygon", "coordinates": [ [ [ -2038319.353462465573102, 837510.6637139035156 ], [ -2208223.77794717811048, 935605.028926660772413 ], [ -2208223.77794717811048, 1131793.759352175053209 ], [ -2038319.353462465573102, 1229888.124564932193607 ], [ -1868414.928977753501385, 1131793.759352175053209 ], [ -1868414.928977753501385, 935605.028926660772413 ], [ -2038319.353462465573102, 837510.6637139035156 ] ] ] } },
{ "type": "Feature", "properties": { }, "geometry": { "type": "Polygon", "coordinates": [ [ [ -2038319.353462465573102, 1426076.854990445543081 ], [ -2208223.77794717811048, 1524171.220203202683479 ], [ -2208223.77794717811048, 1720359.950628716964275 ], [ -2038319.353462465573102, 1818454.315841474104673 ], [ -1868414.928977753501385, 1720359.950628716964275 ], [ -1868414.928977753501385, 1524171.220203202683479 ], [ -2038319.353462465573102, 1426076.854990445543081 ] ] ] } },
{ "type": "Feature", "properties": { }, "geometry": { "type": "Polygon", "coordinates": [ [ [ -2038319.353462465573102, 2014643.046266988385469 ], [ -2208223.77794717811048, 2112737.411479745525867 ], [ -2208223.77794717811048, 2308926.14190525887534 ], [ -2038319.353462465573102, 2407020.507118016015738 ], [ -1868414.928977753501385, 2308926.14190525887534 ], [ -1868414.928977753501385, 2112737.411479745525867 ], [ -2038319.353462465573102, 2014643.046266988385469 ] ] ] } },
{ "type": "Feature", "properties": { }, "geometry": { "type": "Polygon", "coordinates": [ [ [ -2038319.353462465573102, 2603209.237543530296534 ], [ -2208223.77794717811048, 2701303.602756287436932 ], [ -2208223.77794717811048, 2897492.333181801717728 ], [ -2038319.353462465573102, 2995586.698394558858126 ], [ -1868414.928977753501385, 2897492.333181801717728 ], [ -1868414.928977753501385, 2701303.602756287436932 ], [ -2038319.353462465573102, 2603209.237543530296534 ] ] ] } },
{ "type": "Feature", "properties": { }, "geometry": { "type": "Polygon", "coordinates": [ [ [ -2038319.353462465573102, 3191775.428820073138922 ], [ -2208223.77794717811048, 3289869.794032829347998 ], [ -2208223.77794717811048, 3486058.524458343628794 ], [ -2038319.353462465573102, 3584152.889671100769192 ], [ -1868414.928977753501385, 3486058.524458343628794 ], [ -1868414.928977753501385, 3289869.794032829347998 ], [ -2038319.353462465573102, 3191775.428820073138922 ] ] ] } },
{ "type": "Feature", "properties": { }, "geometry": { "type": "Polygon", "coordinates": [ [ [ -2038319.353462465573102, 3780341.620096615049988 ], [ -2208223.77794717811048, 3878435.985309372190386 ], [ -2208223.77794717811048, 4074624.715734886471182 ], [ -2038319.353462465573102, 4172719.08094764361158 ], [ -1868414.928977753501385, 4074624.715734886471182 ], [ -1868414.928977753501385, 3878435.985309372190386 ], [ -2038319.353462465573102, 3780341.620096615049988 ] ] ] } },
{ "type": "Feature", "properties": { }, "geometry": { "type": "Polygon", "coordinates": [ [ [ -1868414.928977753501385, -3576735.770860163960606 ], [ -2038319.353462465573102, -3478641.405647406820208 ], [ -2038319.353462465573102, -3282452.675221892539412 ], [ -1868414.928977753501385, -3184358.310009135864675 ], [ -1698510.504493041429669, -3282452.675221892539412 ], [ -1698510.504493041429669, -3478641.405647406820208 ], [ -1868414.928977753501385, -3576735.770860163960606 ] ] ] } },
{ "type": "Feature", "properties": { }, "geometry": { "type": "Polygon", "coordinates": [ [ [ -1868414.928977753501385, -2988169.579583621583879 ], [ -2038319.353462465573102, -2890075.214370864443481 ], [ -2038319.353462465573102, -2693886.483945350162685 ], [ -1868414.928977753501385, -2595792.118732593487948 ], [ -1698510.504493041429669, -2693886.483945350162685 ], [ -1698510.504493041429669, -2890075.214370864443481 ], [ -1868414.928977753501385, -2988169.579583621583879 ] ] ] } },
{ "type": "Feature", "properties": { }, "geometry": { "type": "Polygon", "coordinates": [ [ [ -1868414.928977753501385, -2399603.388307079207152 ], [ -2038319.353462465573102, -2301509.023094322066754 ], [ -2038319.353462465573102, -2105320.292668808251619 ], [ -1868414.928977753501385, -2007225.927456051111221 ], [ -1698510.504493041429669, -2105320.292668808251619 ], [ -1698510.504493041429669, -2301509.023094322066754 ], [ -1868414.928977753501385, -2399603.388307079207152 ] ] ] } },
{ "type": "Feature", "properties": { }, "geometry": { "type": "Polygon", "coordinates": [ [ [ -1868414.928977753501385, -1811037.197030537063256 ], [ -2038319.353462465573102, -1712942.831817779922858 ], [ -2038319.353462465573102, -1516754.101392265874892 ], [ -1868414.928977753501385, -1418659.736179508734494 ], [ -1698510.504493041429669, -1516754.101392265874892 ], [ -1698510.504493041429669, -1712942.831817779922858 ], [ -1868414.928977753501385, -1811037.197030537063256 ] ] ] } },
{ "type": "Feature", "properties": { }, "geometry": { "type": "Polygon", "coordinates": [ [ [ -1868414.928977753501385, -1222471.005753994453698 ], [ -2038319.353462465573102, -1124376.6405412373133 ], [ -2038319.353462465573102, -928187.910115723614581 ], [ -1868414.928977753501385, -830093.544902966357768 ], [ -1698510.504493041429669, -928187.910115723614581 ], [ -1698510.504493041429669, -1124376.6405412373133 ], [ -1868414.928977753501385, -1222471.005753994453698 ] ] ] } },
{ "type": "Feature", "properties": { }, "geometry": { "type": "Polygon", "coordinates": [ [ [ -1868414.928977753501385, -633904.814477452542633 ], [ -2038319.353462465573102, -535810.44926469551865 ], [ -2038319.353462465573102, -339621.718839181237854 ], [ -1868414.928977753501385, -241527.353626423981041 ], [ -1698510.504493041429669, -339621.718839181237854 ], [ -1698510.504493041429669, -535810.44926469551865 ], [ -1868414.928977753501385, -633904.814477452542633 ] ] ] } },
{ "type": "Feature", "properties": { }, "geometry": { "type": "Polygon", "coordinates": [ [ [ -1868414.928977753501385, -45338.623200910165906 ], [ -2038319.353462465573102, 52755.742011846887181 ], [ -2038319.353462465573102, 248944.472437361167977 ], [ -1868414.928977753501385, 347038.837650117930025 ], [ -1698510.504493041429669, 248944.472437361167977 ], [ -1698510.504493041429669, 52755.742011846887181 ], [ -1868414.928977753501385, -45338.623200910165906 ] ] ] } },
{ "type": "Feature", "properties": { }, "geometry": { "type": "Polygon", "coordinates": [ [ [ -1868414.928977753501385, 543227.568075632210821 ], [ -2038319.353462465573102, 641321.933288389234804 ], [ -2038319.353462465573102, 837510.6637139035156 ], [ -1868414.928977753501385, 935605.028926660772413 ], [ -1698510.504493041429669, 837510.6637139035156 ], [ -1698510.504493041429669, 641321.933288389234804 ], [ -1868414.928977753501385, 543227.568075632210821 ] ] ] } },
{ "type": "Feature", "properties": { }, "geometry": { "type": "Polygon", "coordinates": [ [ [ -1868414.928977753501385, 1131793.759352175053209 ], [ -2038319.353462465573102, 1229888.124564932193607 ], [ -2038319.353462465573102, 1426076.854990445543081 ], [ -1868414.928977753501385, 1524171.220203202683479 ], [ -1698510.504493041429669, 1426076.854990445543081 ], [ -1698510.504493041429669, 1229888.124564932193607 ], [ -1868414.928977753501385, 1131793.759352175053209 ] ] ] } },
{ "type": "Feature", "properties": { }, "geometry": { "type": "Polygon", "coordinates": [ [ [ -1868414.928977753501385, 1720359.950628716964275 ], [ -2038319.353462465573102, 1818454.315841474104673 ], [ -2038319.353462465573102, 2014643.046266988385469 ], [ -1868414.928977753501385, 2112737.411479745525867 ], [ -1698510.504493041429669, 2014643.046266988385469 ], [ -1698510.504493041429669, 1818454.315841474104673 ], [ -1868414.928977753501385, 1720359.950628716964275 ] ] ] } },
{ "type": "Feature", "properties": { }, "geometry": { "type": "Polygon", "coordinates": [ [ [ -1868414.928977753501385, 2308926.14190525887534 ], [ -2038319.353462465573102, 2407020.507118016015738 ], [ -2038319.353462465573102, 2603209.237543530296534 ], [ -1868414.928977753501385, 2701303.602756287436932 ], [ -1698510.504493041429669, 2603209.237543530296534 ], [ -1698510.504493041429669, 2407020.507118016015738 ], [ -1868414.928977753501385, 2308926.14190525887534 ] ] ] } },
{ "type": "Feature", "properties": { }, "geometry": { "type": "Polygon", "coordinates": [ [ [ -1868414.928977753501385, 2897492.333181801717728 ], [ -2038319.353462465573102, 2995586.698394558858126 ], [ -2038319.353462465573102, 3191775.428820073138922 ], [ -1868414.928977753501385, 3289869.794032829347998 ], [ -1698510.504493041429669, 3191775.428820073138922 ], [ -1698510.504493041429669, 2995586.698394558858126 ], [ -1868414.928977753501385, 2897492.333181801717728 ] ] ] } },
{ "type": "Feature", "properties": { }, "geometry": { "type": "Polygon", "coordinates": [ [ [ -1868414.928977753501385, 3486058.524458343628794 ], [ -2038319.353462465573102, 3584152.889671100769192 ], [ -2038319.353462465573102, 3780341.620096615049988 ], [ -1868414.928977753501385, 3878435.985309372190386 ], [ -1698510.504493041429669, 3780341.620096615049988 ], [ -1698510.504493041429669, 3584152.889671100769192 ], [ -1868414.928977753501385, 3486058.524458343628794 ] ] ] } },
{ "type": "Feature", "properties": { }, "geometry": { "type": "Polygon", "coordinates": [ [ [ -1698510.504493041429669, -3282452.675221892539412 ], [ -1868414.928977753501385, -3184358.310009135864675 ], [ -1868414.928977753501385, -2988169.579583621583879 ], [ -1698510.504493041429669, -2890075.214370864443481 ], [ -1528606.080008328892291, -2988169.579583621583879 ], [ -1528606.080008328892291, -3184358.310009135864675 ], [ -1698510.504493041429669, -3282452.675221892539412 ] ] ] } },
{ "type": "Feature", "properties": { }, "geometry": { "type": "Polygon", "coordinates": [ [ [ -1698510.504493041429669, -2693886.483945350162685 ], [ -1868414.928977753501385, -2595792.118732593487948 ], [ -1868414.928977753501385, -2399603.388307079207152 ], [ -1698510.504493041429669, -2301509.023094322066754 ], [ -1528606.080008328892291, -2399603.388307079207152 ], [ -1528606.080008328892291, -2595792.118732593487948 ], [ -1698510.504493041429669, -2693886.483945350162685 ] ] ] } },
{ "type": "Feature", "properties": { }, "geometry": { "type": "Polygon", "coordinates": [ [ [ -1698510.504493041429669, -2105320.292668808251619 ], [ -1868414.928977753501385, -2007225.927456051111221 ], [ -1868414.928977753501385, -1811037.197030537063256 ], [ -1698510.504493041429669, -1712942.831817779922858 ], [ -1528606.080008328892291, -1811037.197030537063256 ], [ -1528606.080008328892291, -2007225.927456051111221 ], [ -1698510.504493041429669, -2105320.292668808251619 ] ] ] } },
{ "type": "Feature", "properties": { }, "geometry": { "type": "Polygon", "coordinates": [ [ [ -1698510.504493041429669, -1516754.101392265874892 ], [ -1868414.928977753501385, -1418659.736179508734494 ], [ -1868414.928977753501385, -1222471.005753994453698 ], [ -1698510.504493041429669, -1124376.6405412373133 ], [ -1528606.080008328892291, -1222471.005753994453698 ], [ -1528606.080008328892291, -1418659.736179508734494 ], [ -1698510.504493041429669, -1516754.101392265874892 ] ] ] } },
{ "type": "Feature", "properties": { }, "geometry": { "type": "Polygon", "coordinates": [ [ [ -1698510.504493041429669, -928187.910115723614581 ], [ -1868414.928977753501385, -830093.544902966357768 ], [ -1868414.928977753501385, -633904.814477452542633 ], [ -1698510.504493041429669, -535810.44926469551865 ], [ -1528606.080008328892291, -633904.814477452542633 ], [ -1528606.080008328892291, -830093.544902966357768 ], [ -1698510.504493041429669, -928187.910115723614581 ] ] ] } },
{ "type": "Feature", "properties": { }, "geometry": { "type": "Polygon", "coordinates": [ [ [ -1698510.504493041429669, -339621.718839181237854 ], [ -1868414.928977753501385, -241527.353626423981041 ], [ -1868414.928977753501385, -45338.623200910165906 ], [ -1698510.504493041429669, 52755.742011846887181 ], [ -1528606.080008328892291, -45338.623200910165906 ], [ -1528606.080008328892291, -241527.353626423981041 ], [ -1698510.504493041429669, -339621.718839181237854 ] ] ] } },
{ "type": "Feature", "properties": { }, "geometry": { "type": "Polygon", "coordinates": [ [ [ -1698510.504493041429669, 248944.472437361167977 ], [ -1868414.928977753501385, 347038.837650117930025 ], [ -1868414.928977753501385, 543227.568075632210821 ], [ -1698510.504493041429669, 641321.933288389234804 ], [ -1528606.080008328892291, 543227.568075632210821 ], [ -1528606.080008328892291, 347038.837650117930025 ], [ -1698510.504493041429669, 248944.472437361167977 ] ] ] } },
{ "type": "Feature", "properties": { }, "geometry": { "type": "Polygon", "coordinates": [ [ [ -1698510.504493041429669, 837510.6637139035156 ], [ -1868414.928977753501385, 935605.028926660772413 ], [ -1868414.928977753501385, 1131793.759352175053209 ], [ -1698510.504493041429669, 1229888.124564932193607 ], [ -1528606.080008328892291, 1131793.759352175053209 ], [ -1528606.080008328892291, 935605.028926660772413 ], [ -1698510.504493041429669, 837510.6637139035156 ] ] ] } },
{ "type": "Feature", "properties": { }, "geometry": { "type": "Polygon", "coordinates": [ [ [ -1698510.504493041429669, 1426076.854990445543081 ], [ -1868414.928977753501385, 1524171.220203202683479 ], [ -1868414.928977753501385, 1720359.950628716964275 ], [ -1698510.504493041429669, 1818454.315841474104673 ], [ -1528606.080008328892291, 1720359.950628716964275 ], [ -1528606.080008328892291, 1524171.220203202683479 ], [ -1698510.504493041429669, 1426076.854990445543081 ] ] ] } },
{ "type": "Feature", "properties": { }, "geometry": { "type": "Polygon", "coordinates": [ [ [ -1698510.504493041429669, 2014643.046266988385469 ], [ -1868414.928977753501385, 2112737.411479745525867 ], [ -1868414.928977753501385, 2308926.14190525887534 ], [ -1698510.504493041429669, 2407020.507118016015738 ], [ -1528606.080008328892291, 2308926.14190525887534 ], [ -1528606.080008328892291, 2112737.411479745525867 ], [ -1698510.504493041429669, 2014643.046266988385469 ] ] ] } },
{ "type": "Feature", "properties": { }, "geometry": { "type": "Polygon", "coordinates": [ [ [ -1698510.504493041429669, 2603209.237543530296534 ], [ -1868414.928977753501385, 2701303.602756287436932 ], [ -1868414.928977753501385, 2897492.333181801717728 ], [ -1698510.504493041429669, 2995586.698394558858126 ], [ -1528606.080008328892291, 2897492.333181801717728 ], [ -1528606.080008328892291, 2701303.602756287436932 ], [ -1698510.504493041429669, 2603209.237543530296534 ] ] ] } },
{ "type": "Feature", "properties": { }, "geometry": { "type": "Polygon", "coordinates": [ [ [ -1698510.504493041429669, 3191775.428820073138922 ], [ -1868414.928977753501385, 3289869.794032829347998 ], [ -1868414.928977753501385, 3486058.524458343628794 ], [ -1698510.504493041429669, 3584152.889671100769192 ], [ -1528606.080008328892291, 3486058.524458343628794 ], [ -1528606.080008328892291, 3289869.794032829347998 ], [ -1698510.504493041429669, 3191775.428820073138922 ] ] ] } },
{ "type": "Feature", "properties": { }, "geometry": { "type": "Polygon", "coordinates": [ [ [ -1698510.504493041429669, 3780341.620096615049988 ], [ -1868414.928977753501385, 3878435.985309372190386 ], [ -1868414.928977753501385, 4074624.715734886471182 ], [ -1698510.504493041429669, 4172719.08094764361158 ], [ -1528606.080008328892291, 4074624.715734886471182 ], [ -1528606.080008328892291, 3878435.985309372190386 ], [ -1698510.504493041429669, 3780341.620096615049988 ] ] ] } },
{ "type": "Feature", "properties": { }, "geometry": { "type": "Polygon", "coordinates": [ [ [ -1528606.080008328892291, -3576735.770860163960606 ], [ -1698510.504493041429669, -3478641.405647406820208 ], [ -1698510.504493041429669, -3282452.675221892539412 ], [ -1528606.080008328892291, -3184358.310009135864675 ], [ -1358701.655523616820574, -3282452.675221892539412 ], [ -1358701.655523616820574, -3478641.405647406820208 ], [ -1528606.080008328892291, -3576735.770860163960606 ] ] ] } },
{ "type": "Feature", "properties": { }, "geometry": { "type": "Polygon", "coordinates": [ [ [ -1528606.080008328892291, -2988169.579583621583879 ], [ -1698510.504493041429669, -2890075.214370864443481 ], [ -1698510.504493041429669, -2693886.483945350162685 ], [ -1528606.080008328892291, -2595792.118732593487948 ], [ -1358701.655523616820574, -2693886.483945350162685 ], [ -1358701.655523616820574, -2890075.214370864443481 ], [ -1528606.080008328892291, -2988169.579583621583879 ] ] ] } },
{ "type": "Feature", "properties": { }, "geometry": { "type": "Polygon", "coordinates": [ [ [ -1528606.080008328892291, -2399603.388307079207152 ], [ -1698510.504493041429669, -2301509.023094322066754 ], [ -1698510.504493041429669, -2105320.292668808251619 ], [ -1528606.080008328892291, -2007225.927456051111221 ], [ -1358701.655523616820574, -2105320.292668808251619 ], [ -1358701.655523616820574, -2301509.023094322066754 ], [ -1528606.080008328892291, -2399603.388307079207152 ] ] ] } },
{ "type": "Feature", "properties": { }, "geometry": { "type": "Polygon", "coordinates": [ [ [ -1528606.080008328892291, -1811037.197030537063256 ], [ -1698510.504493041429669, -1712942.831817779922858 ], [ -1698510.504493041429669, -1516754.101392265874892 ], [ -1528606.080008328892291, -1418659.736179508734494 ], [ -1358701.655523616820574, -1516754.101392265874892 ], [ -1358701.655523616820574, -1712942.831817779922858 ], [ -1528606.080008328892291, -1811037.197030537063256 ] ] ] } },
{ "type": "Feature", "properties": { }, "geometry": { "type": "Polygon", "coordinates": [ [ [ -1528606.080008328892291, -1222471.005753994453698 ], [ -1698510.504493041429669, -1124376.6405412373133 ], [ -1698510.504493041429669, -928187.910115723614581 ], [ -1528606.080008328892291, -830093.544902966357768 ], [ -1358701.655523616820574, -928187.910115723614581 ], [ -1358701.655523616820574, -1124376.6405412373133 ], [ -1528606.080008328892291, -1222471.005753994453698 ] ] ] } },
{ "type": "Feature", "properties": { }, "geometry": { "type": "Polygon", "coordinates": [ [ [ -1528606.080008328892291, -633904.814477452542633 ], [ -1698510.504493041429669, -535810.44926469551865 ], [ -1698510.504493041429669, -339621.718839181237854 ], [ -1528606.080008328892291, -241527.353626423981041 ], [ -1358701.655523616820574, -339621.718839181237854 ], [ -1358701.655523616820574, -535810.44926469551865 ], [ -1528606.080008328892291, -633904.814477452542633 ] ] ] } },
{ "type": "Feature", "properties": { }, "geometry": { "type": "Polygon", "coordinates": [ [ [ -1528606.080008328892291, -45338.623200910165906 ], [ -1698510.504493041429669, 52755.742011846887181 ], [ -1698510.504493041429669, 248944.472437361167977 ], [ -1528606.080008328892291, 347038.837650117930025 ], [ -1358701.655523616820574, 248944.472437361167977 ], [ -1358701.655523616820574, 52755.742011846887181 ], [ -1528606.080008328892291, -45338.623200910165906 ] ] ] } },
{ "type": "Feature", "properties": { }, "geometry": { "type": "Polygon", "coordinates": [ [ [ -1528606.080008328892291, 543227.568075632210821 ], [ -1698510.504493041429669, 641321.933288389234804 ], [ -1698510.504493041429669, 837510.6637139035156 ], [ -1528606.080008328892291, 935605.028926660772413 ], [ -1358701.655523616820574, 837510.6637139035156 ], [ -1358701.655523616820574, 641321.933288389234804 ], [ -1528606.080008328892291, 543227.568075632210821 ] ] ] } },
{ "type": "Feature", "properties": { }, "geometry": { "type": "Polygon", "coordinates": [ [ [ -1528606.080008328892291, 1131793.759352175053209 ], [ -1698510.504493041429669, 1229888.124564932193607 ], [ -1698510.504493041429669, 1426076.854990445543081 ], [ -1528606.080008328892291, 1524171.220203202683479 ], [ -1358701.655523616820574, 1426076.854990445543081 ], [ -1358701.655523616820574, 1229888.124564932193607 ], [ -1528606.080008328892291, 1131793.759352175053209 ] ] ] } },
{ "type": "Feature", "properties": { }, "geometry": { "type": "Polygon", "coordinates": [ [ [ -1528606.080008328892291, 1720359.950628716964275 ], [ -1698510.504493041429669, 1818454.315841474104673 ], [ -1698510.504493041429669, 2014643.046266988385469 ], [ -1528606.080008328892291, 2112737.411479745525867 ], [ -1358701.655523616820574, 2014643.046266988385469 ], [ -1358701.655523616820574, 1818454.315841474104673 ], [ -1528606.080008328892291, 1720359.950628716964275 ] ] ] } },
{ "type": "Feature", "properties": { }, "geometry": { "type": "Polygon", "coordinates": [ [ [ -1528606.080008328892291, 2308926.14190525887534 ], [ -1698510.504493041429669, 2407020.507118016015738 ], [ -1698510.504493041429669, 2603209.237543530296534 ], [ -1528606.080008328892291, 2701303.602756287436932 ], [ -1358701.655523616820574, 2603209.237543530296534 ], [ -1358701.655523616820574, 2407020.507118016015738 ], [ -1528606.080008328892291, 2308926.14190525887534 ] ] ] } },
{ "type": "Feature", "properties": { }, "geometry": { "type": "Polygon", "coordinates": [ [ [ -1528606.080008328892291, 2897492.333181801717728 ], [ -1698510.504493041429669, 2995586.698394558858126 ], [ -1698510.504493041429669, 3191775.428820073138922 ], [ -1528606.080008328892291, 3289869.794032829347998 ], [ -1358701.655523616820574, 3191775.428820073138922 ], [ -1358701.655523616820574, 2995586.698394558858126 ], [ -1528606.080008328892291, 2897492.333181801717728 ] ] ] } },
{ "type": "Feature", "properties": { }, "geometry": { "type": "Polygon", "coordinates": [ [ [ -1528606.080008328892291, 3486058.524458343628794 ], [ -1698510.504493041429669, 3584152.889671100769192 ], [ -1698510.504493041429669, 3780341.620096615049988 ], [ -1528606.080008328892291, 3878435.985309372190386 ], [ -1358701.655523616820574, 3780341.620096615049988 ], [ -1358701.655523616820574, 3584152.889671100769192 ], [ -1528606.080008328892291, 3486058.524458343628794 ] ] ] } },
{ "type": "Feature", "properties": { }, "geometry": { "type": "Polygon", "coordinates": [ [ [ -1358701.655523616820574, -3282452.675221892539412 ], [ -1528606.080008328892291, -3184358.310009135864675 ], [ -1528606.080008328892291, -2988169.579583621583879 ], [ -1358701.655523616820574, -2890075.214370864443481 ], [ -1188797.231038904748857, -2988169.579583621583879 ], [ -1188797.231038904748857, -3184358.310009135864675 ], [ -1358701.655523616820574, -3282452.675221892539412 ] ] ] } },
{ "type": "Feature", "properties": { }, "geometry": { "type": "Polygon", "coordinates": [ [ [ -1358701.655523616820574, -2693886.483945350162685 ], [ -1528606.080008328892291, -2595792.118732593487948 ], [ -1528606.080008328892291, -2399603.388307079207152 ], [ -1358701.655523616820574, -2301509.023094322066754 ], [ -1188797.231038904748857, -2399603.388307079207152 ], [ -1188797.231038904748857, -2595792.118732593487948 ], [ -1358701.655523616820574, -2693886.483945350162685 ] ] ] } },
{ "type": "Feature", "properties": { }, "geometry": { "type": "Polygon", "coordinates": [ [ [ -1358701.655523616820574, -2105320.292668808251619 ], [ -1528606.080008328892291, -2007225.927456051111221 ], [ -1528606.080008328892291, -1811037.197030537063256 ], [ -1358701.655523616820574, -1712942.831817779922858 ], [ -1188797.231038904748857, -1811037.197030537063256 ], [ -1188797.231038904748857, -2007225.927456051111221 ], [ -1358701.655523616820574, -2105320.292668808251619 ] ] ] } },
{ "type": "Feature", "properties": { }, "geometry": { "type": "Polygon", "coordinates": [ [ [ -1358701.655523616820574, -1516754.101392265874892 ], [ -1528606.080008328892291, -1418659.736179508734494 ], [ -1528606.080008328892291, -1222471.005753994453698 ], [ -1358701.655523616820574, -1124376.6405412373133 ], [ -1188797.231038904748857, -1222471.005753994453698 ], [ -1188797.231038904748857, -1418659.736179508734494 ], [ -1358701.655523616820574, -1516754.101392265874892 ] ] ] } },
{ "type": "Feature", "properties": { }, "geometry": { "type": "Polygon", "coordinates": [ [ [ -1358701.655523616820574, -928187.910115723614581 ], [ -1528606.080008328892291, -830093.544902966357768 ], [ -1528606.080008328892291, -633904.814477452542633 ], [ -1358701.655523616820574, -535810.44926469551865 ], [ -1188797.231038904748857, -633904.814477452542633 ], [ -1188797.231038904748857, -830093.544902966357768 ], [ -1358701.655523616820574, -928187.910115723614581 ] ] ] } },
{ "type": "Feature", "properties": { }, "geometry": { "type": "Polygon", "coordinates": [ [ [ -1358701.655523616820574, -339621.718839181237854 ], [ -1528606.080008328892291, -241527.353626423981041 ], [ -1528606.080008328892291, -45338.623200910165906 ], [ -1358701.655523616820574, 52755.742011846887181 ], [ -1188797.231038904748857, -45338.623200910165906 ], [ -1188797.231038904748857, -241527.353626423981041 ], [ -1358701.655523616820574, -339621.718839181237854 ] ] ] } },
{ "type": "Feature", "properties": { }, "geometry": { "type": "Polygon", "coordinates": [ [ [ -1358701.655523616820574, 248944.472437361167977 ], [ -1528606.080008328892291, 347038.837650117930025 ], [ -1528606.080008328892291, 543227.568075632210821 ], [ -1358701.655523616820574, 641321.933288389234804 ], [ -1188797.231038904748857, 543227.568075632210821 ], [ -1188797.231038904748857, 347038.837650117930025 ], [ -1358701.655523616820574, 248944.472437361167977 ] ] ] } },
{ "type": "Feature", "properties": { }, "geometry": { "type": "Polygon", "coordinates": [ [ [ -1358701.655523616820574, 837510.6637139035156 ], [ -1528606.080008328892291, 935605.028926660772413 ], [ -1528606.080008328892291, 1131793.759352175053209 ], [ -1358701.655523616820574, 1229888.124564932193607 ], [ -1188797.231038904748857, 1131793.759352175053209 ], [ -1188797.231038904748857, 935605.028926660772413 ], [ -1358701.655523616820574, 837510.6637139035156 ] ] ] } },
{ "type": "Feature", "properties": { }, "geometry": { "type": "Polygon", "coordinates": [ [ [ -1358701.655523616820574, 1426076.854990445543081 ], [ -1528606.080008328892291, 1524171.220203202683479 ], [ -1528606.080008328892291, 1720359.950628716964275 ], [ -1358701.655523616820574, 1818454.315841474104673 ], [ -1188797.231038904748857, 1720359.950628716964275 ], [ -1188797.231038904748857, 1524171.220203202683479 ], [ -1358701.655523616820574, 1426076.854990445543081 ] ] ] } },
{ "type": "Feature", "properties": { }, "geometry": { "type": "Polygon", "coordinates": [ [ [ -1358701.655523616820574, 2014643.046266988385469 ], [ -1528606.080008328892291, 2112737.411479745525867 ], [ -1528606.080008328892291, 2308926.14190525887534 ], [ -1358701.655523616820574, 2407020.507118016015738 ], [ -1188797.231038904748857, 2308926.14190525887534 ], [ -1188797.231038904748857, 2112737.411479745525867 ], [ -1358701.655523616820574, 2014643.046266988385469 ] ] ] } },
{ "type": "Feature", "properties": { }, "geometry": { "type": "Polygon", "coordinates": [ [ [ -1358701.655523616820574, 2603209.237543530296534 ], [ -1528606.080008328892291, 2701303.602756287436932 ], [ -1528606.080008328892291, 2897492.333181801717728 ], [ -1358701.655523616820574, 2995586.698394558858126 ], [ -1188797.231038904748857, 2897492.333181801717728 ], [ -1188797.231038904748857, 2701303.602756287436932 ], [ -1358701.655523616820574, 2603209.237543530296534 ] ] ] } },
{ "type": "Feature", "properties": { }, "geometry": { "type": "Polygon", "coordinates": [ [ [ -1358701.655523616820574, 3191775.428820073138922 ], [ -1528606.080008328892291, 3289869.794032829347998 ], [ -1528606.080008328892291, 3486058.524458343628794 ], [ -1358701.655523616820574, 3584152.889671100769192 ], [ -1188797.231038904748857, 3486058.524458343628794 ], [ -1188797.231038904748857, 3289869.794032829347998 ], [ -1358701.655523616820574, 3191775.428820073138922 ] ] ] } },
{ "type": "Feature", "properties": { }, "geometry": { "type": "Polygon", "coordinates": [ [ [ -1358701.655523616820574, 3780341.620096615049988 ], [ -1528606.080008328892291, 3878435.985309372190386 ], [ -1528606.080008328892291, 4074624.715734886471182 ], [ -1358701.655523616820574, 4172719.08094764361158 ], [ -1188797.231038904748857, 4074624.715734886471182 ], [ -1188797.231038904748857, 3878435.985309372190386 ], [ -1358701.655523616820574, 3780341.620096615049988 ] ] ] } },
{ "type": "Feature", "properties": { }, "geometry": { "type": "Polygon", "coordinates": [ [ [ -1188797.231038904748857, -3576735.770860163960606 ], [ -1358701.655523616820574, -3478641.405647406820208 ], [ -1358701.655523616820574, -3282452.675221892539412 ], [ -1188797.231038904748857, -3184358.310009135864675 ], [ -1018892.806554192211479, -3282452.675221892539412 ], [ -1018892.806554192211479, -3478641.405647406820208 ], [ -1188797.231038904748857, -3576735.770860163960606 ] ] ] } },
{ "type": "Feature", "properties": { }, "geometry": { "type": "Polygon", "coordinates": [ [ [ -1188797.231038904748857, -2988169.579583621583879 ], [ -1358701.655523616820574, -2890075.214370864443481 ], [ -1358701.655523616820574, -2693886.483945350162685 ], [ -1188797.231038904748857, -2595792.118732593487948 ], [ -1018892.806554192211479, -2693886.483945350162685 ], [ -1018892.806554192211479, -2890075.214370864443481 ], [ -1188797.231038904748857, -2988169.579583621583879 ] ] ] } },
{ "type": "Feature", "properties": { }, "geometry": { "type": "Polygon", "coordinates": [ [ [ -1188797.231038904748857, -2399603.388307079207152 ], [ -1358701.655523616820574, -2301509.023094322066754 ], [ -1358701.655523616820574, -2105320.292668808251619 ], [ -1188797.231038904748857, -2007225.927456051111221 ], [ -1018892.806554192211479, -2105320.292668808251619 ], [ -1018892.806554192211479, -2301509.023094322066754 ], [ -1188797.231038904748857, -2399603.388307079207152 ] ] ] } },
{ "type": "Feature", "properties": { }, "geometry": { "type": "Polygon", "coordinates": [ [ [ -1188797.231038904748857, -1811037.197030537063256 ], [ -1358701.655523616820574, -1712942.831817779922858 ], [ -1358701.655523616820574, -1516754.101392265874892 ], [ -1188797.231038904748857, -1418659.736179508734494 ], [ -1018892.806554192211479, -1516754.101392265874892 ], [ -1018892.806554192211479, -1712942.831817779922858 ], [ -1188797.231038904748857, -1811037.197030537063256 ] ] ] } },
{ "type": "Feature", "properties": { }, "geometry": { "type": "Polygon", "coordinates": [ [ [ -1188797.231038904748857, -1222471.005753994453698 ], [ -1358701.655523616820574, -1124376.6405412373133 ], [ -1358701.655523616820574, -928187.910115723614581 ], [ -1188797.231038904748857, -830093.544902966357768 ], [ -1018892.806554192211479, -928187.910115723614581 ], [ -1018892.806554192211479, -1124376.6405412373133 ], [ -1188797.231038904748857, -1222471.005753994453698 ] ] ] } },
{ "type": "Feature", "properties": { }, "geometry": { "type": "Polygon", "coordinates": [ [ [ -1188797.231038904748857, -633904.814477452542633 ], [ -1358701.655523616820574, -535810.44926469551865 ], [ -1358701.655523616820574, -339621.718839181237854 ], [ -1188797.231038904748857, -241527.353626423981041 ], [ -1018892.806554192211479, -339621.718839181237854 ], [ -1018892.806554192211479, -535810.44926469551865 ], [ -1188797.231038904748857, -633904.814477452542633 ] ] ] } },
{ "type": "Feature", "properties": { }, "geometry": { "type": "Polygon", "coordinates": [ [ [ -1188797.231038904748857, -45338.623200910165906 ], [ -1358701.655523616820574, 52755.742011846887181 ], [ -1358701.655523616820574, 248944.472437361167977 ], [ -1188797.231038904748857, 347038.837650117930025 ], [ -1018892.806554192211479, 248944.472437361167977 ], [ -1018892.806554192211479, 52755.742011846887181 ], [ -1188797.231038904748857, -45338.623200910165906 ] ] ] } },
{ "type": "Feature", "properties": { }, "geometry": { "type": "Polygon", "coordinates": [ [ [ -1188797.231038904748857, 543227.568075632210821 ], [ -1358701.655523616820574, 641321.933288389234804 ], [ -1358701.655523616820574, 837510.6637139035156 ], [ -1188797.231038904748857, 935605.028926660772413 ], [ -1018892.806554192211479, 837510.6637139035156 ], [ -1018892.806554192211479, 641321.933288389234804 ], [ -1188797.231038904748857, 543227.568075632210821 ] ] ] } },
{ "type": "Feature", "properties": { }, "geometry": { "type": "Polygon", "coordinates": [ [ [ -1188797.231038904748857, 1131793.759352175053209 ], [ -1358701.655523616820574, 1229888.124564932193607 ], [ -1358701.655523616820574, 1426076.854990445543081 ], [ -1188797.231038904748857, 1524171.220203202683479 ], [ -1018892.806554192211479, 1426076.854990445543081 ], [ -1018892.806554192211479, 1229888.124564932193607 ], [ -1188797.231038904748857, 1131793.759352175053209 ] ] ] } },
{ "type": "Feature", "properties": { }, "geometry": { "type": "Polygon", "coordinates": [ [ [ -1188797.231038904748857, 1720359.950628716964275 ], [ -1358701.655523616820574, 1818454.315841474104673 ], [ -1358701.655523616820574, 2014643.046266988385469 ], [ -1188797.231038904748857, 2112737.411479745525867 ], [ -1018892.806554192211479, 2014643.046266988385469 ], [ -1018892.806554192211479, 1818454.315841474104673 ], [ -1188797.231038904748857, 1720359.950628716964275 ] ] ] } },
{ "type": "Feature", "properties": { }, "geometry": { "type": "Polygon", "coordinates": [ [ [ -1188797.231038904748857, 2308926.14190525887534 ], [ -1358701.655523616820574, 2407020.507118016015738 ], [ -1358701.655523616820574, 2603209.237543530296534 ], [ -1188797.231038904748857, 2701303.602756287436932 ], [ -1018892.806554192211479, 2603209.237543530296534 ], [ -1018892.806554192211479, 2407020.507118016015738 ], [ -1188797.231038904748857, 2308926.14190525887534 ] ] ] } },
{ "type": "Feature", "properties": { }, "geometry": { "type": "Polygon", "coordinates": [ [ [ -1188797.231038904748857, 2897492.333181801717728 ], [ -1358701.655523616820574, 2995586.698394558858126 ], [ -1358701.655523616820574, 3191775.428820073138922 ], [ -1188797.231038904748857, 3289869.794032829347998 ], [ -1018892.806554192211479, 3191775.428820073138922 ], [ -1018892.806554192211479, 2995586.698394558858126 ], [ -1188797.231038904748857, 2897492.333181801717728 ] ] ] } },
{ "type": "Feature", "properties": { }, "geometry": { "type": "Polygon", "coordinates": [ [ [ -1188797.231038904748857, 3486058.524458343628794 ], [ -1358701.655523616820574, 3584152.889671100769192 ], [ -1358701.655523616820574, 3780341.620096615049988 ], [ -1188797.231038904748857, 3878435.985309372190386 ], [ -1018892.806554192211479, 3780341.620096615049988 ], [ -1018892.806554192211479, 3584152.889671100769192 ], [ -1188797.231038904748857, 3486058.524458343628794 ] ] ] } },
{ "type": "Feature", "properties": { }, "geometry": { "type": "Polygon", "coordinates": [ [ [ -1018892.806554192211479, -3282452.675221892539412 ], [ -1188797.231038904748857, -3184358.310009135864675 ], [ -1188797.231038904748857, -2988169.579583621583879 ], [ -1018892.806554192211479, -2890075.214370864443481 ], [ -848988.382069480139762, -2988169.579583621583879 ], [ -848988.382069480139762, -3184358.310009135864675 ], [ -1018892.806554192211479, -3282452.675221892539412 ] ] ] } },
{ "type": "Feature", "properties": { }, "geometry": { "type": "Polygon", "coordinates": [ [ [ -1018892.806554192211479, -2693886.483945350162685 ], [ -1188797.231038904748857, -2595792.118732593487948 ], [ -1188797.231038904748857, -2399603.388307079207152 ], [ -1018892.806554192211479, -2301509.023094322066754 ], [ -848988.382069480139762, -2399603.388307079207152 ], [ -848988.382069480139762, -2595792.118732593487948 ], [ -1018892.806554192211479, -2693886.483945350162685 ] ] ] } },
{ "type": "Feature", "properties": { }, "geometry": { "type": "Polygon", "coordinates": [ [ [ -1018892.806554192211479, -2105320.292668808251619 ], [ -1188797.231038904748857, -2007225.927456051111221 ], [ -1188797.231038904748857, -1811037.197030537063256 ], [ -1018892.806554192211479, -1712942.831817779922858 ], [ -848988.382069480139762, -1811037.197030537063256 ], [ -848988.382069480139762, -2007225.927456051111221 ], [ -1018892.806554192211479, -2105320.292668808251619 ] ] ] } },
{ "type": "Feature", "properties": { }, "geometry": { "type": "Polygon", "coordinates": [ [ [ -1018892.806554192211479, -1516754.101392265874892 ], [ -1188797.231038904748857, -1418659.736179508734494 ], [ -1188797.231038904748857, -1222471.005753994453698 ], [ -1018892.806554192211479, -1124376.6405412373133 ], [ -848988.382069480139762, -1222471.005753994453698 ], [ -848988.382069480139762, -1418659.736179508734494 ], [ -1018892.806554192211479, -1516754.101392265874892 ] ] ] } },
{ "type": "Feature", "properties": { }, "geometry": { "type": "Polygon", "coordinates": [ [ [ -1018892.806554192211479, -928187.910115723614581 ], [ -1188797.231038904748857, -830093.544902966357768 ], [ -1188797.231038904748857, -633904.814477452542633 ], [ -1018892.806554192211479, -535810.44926469551865 ], [ -848988.382069480139762, -633904.814477452542633 ], [ -848988.382069480139762, -830093.544902966357768 ], [ -1018892.806554192211479, -928187.910115723614581 ] ] ] } },
{ "type": "Feature", "properties": { }, "geometry": { "type": "Polygon", "coordinates": [ [ [ -1018892.806554192211479, -339621.718839181237854 ], [ -1188797.231038904748857, -241527.353626423981041 ], [ -1188797.231038904748857, -45338.623200910165906 ], [ -1018892.806554192211479, 52755.742011846887181 ], [ -848988.382069480139762, -45338.623200910165906 ], [ -848988.382069480139762, -241527.353626423981041 ], [ -1018892.806554192211479, -339621.718839181237854 ] ] ] } },
{ "type": "Feature", "properties": { }, "geometry": { "type": "Polygon", "coordinates": [ [ [ -1018892.806554192211479, 248944.472437361167977 ], [ -1188797.231038904748857, 347038.837650117930025 ], [ -1188797.231038904748857, 543227.568075632210821 ], [ -1018892.806554192211479, 641321.933288389234804 ], [ -848988.382069480139762, 543227.568075632210821 ], [ -848988.382069480139762, 347038.837650117930025 ], [ -1018892.806554192211479, 248944.472437361167977 ] ] ] } },
{ "type": "Feature", "properties": { }, "geometry": { "type": "Polygon", "coordinates": [ [ [ -1018892.806554192211479, 837510.6637139035156 ], [ -1188797.231038904748857, 935605.028926660772413 ], [ -1188797.231038904748857, 1131793.759352175053209 ], [ -1018892.806554192211479, 1229888.124564932193607 ], [ -848988.382069480139762, 1131793.759352175053209 ], [ -848988.382069480139762, 935605.028926660772413 ], [ -1018892.806554192211479, 837510.6637139035156 ] ] ] } },
{ "type": "Feature", "properties": { }, "geometry": { "type": "Polygon", "coordinates": [ [ [ -1018892.806554192211479, 1426076.854990445543081 ], [ -1188797.231038904748857, 1524171.220203202683479 ], [ -1188797.231038904748857, 1720359.950628716964275 ], [ -1018892.806554192211479, 1818454.315841474104673 ], [ -848988.382069480139762, 1720359.950628716964275 ], [ -848988.382069480139762, 1524171.220203202683479 ], [ -1018892.806554192211479, 1426076.854990445543081 ] ] ] } },
{ "type": "Feature", "properties": { }, "geometry": { "type": "Polygon", "coordinates": [ [ [ -1018892.806554192211479, 2014643.046266988385469 ], [ -1188797.231038904748857, 2112737.411479745525867 ], [ -1188797.231038904748857, 2308926.14190525887534 ], [ -1018892.806554192211479, 2407020.507118016015738 ], [ -848988.382069480139762, 2308926.14190525887534 ], [ -848988.382069480139762, 2112737.411479745525867 ], [ -1018892.806554192211479, 2014643.046266988385469 ] ] ] } },
{ "type": "Feature", "properties": { }, "geometry": { "type": "Polygon", "coordinates": [ [ [ -1018892.806554192211479, 2603209.237543530296534 ], [ -1188797.231038904748857, 2701303.602756287436932 ], [ -1188797.231038904748857, 2897492.333181801717728 ], [ -1018892.806554192211479, 2995586.698394558858126 ], [ -848988.382069480139762, 2897492.333181801717728 ], [ -848988.382069480139762, 2701303.602756287436932 ], [ -1018892.806554192211479, 2603209.237543530296534 ] ] ] } },
{ "type": "Feature", "properties": { }, "geometry": { "type": "Polygon", "coordinates": [ [ [ -1018892.806554192211479, 3191775.428820073138922 ], [ -1188797.231038904748857, 3289869.794032829347998 ], [ -1188797.231038904748857, 3486058.524458343628794 ], [ -1018892.806554192211479, 3584152.889671100769192 ], [ -848988.382069480139762, 3486058.524458343628794 ], [ -848988.382069480139762, 3289869.794032829347998 ], [ -1018892.806554192211479, 3191775.428820073138922 ] ] ] } },
{ "type": "Feature", "properties": { }, "geometry": { "type": "Polygon", "coordinates": [ [ [ -1018892.806554192211479, 3780341.620096615049988 ], [ -1188797.231038904748857, 3878435.985309372190386 ], [ -1188797.231038904748857, 4074624.715734886471182 ], [ -1018892.806554192211479, 4172719.08094764361158 ], [ -848988.382069480139762, 4074624.715734886471182 ], [ -848988.382069480139762, 3878435.985309372190386 ], [ -1018892.806554192211479, 3780341.620096615049988 ] ] ] } },
{ "type": "Feature", "properties": { }, "geometry": { "type": "Polygon", "coordinates": [ [ [ -848988.382069480139762, -3576735.770860163960606 ], [ -1018892.806554192211479, -3478641.405647406820208 ], [ -1018892.806554192211479, -3282452.675221892539412 ], [ -848988.382069480139762, -3184358.310009135864675 ], [ -679083.957584768068045, -3282452.675221892539412 ], [ -679083.957584768068045, -3478641.405647406820208 ], [ -848988.382069480139762, -3576735.770860163960606 ] ] ] } },
{ "type": "Feature", "properties": { }, "geometry": { "type": "Polygon", "coordinates": [ [ [ -848988.382069480139762, -2988169.579583621583879 ], [ -1018892.806554192211479, -2890075.214370864443481 ], [ -1018892.806554192211479, -2693886.483945350162685 ], [ -848988.382069480139762, -2595792.118732593487948 ], [ -679083.957584768068045, -2693886.483945350162685 ], [ -679083.957584768068045, -2890075.214370864443481 ], [ -848988.382069480139762, -2988169.579583621583879 ] ] ] } },
{ "type": "Feature", "properties": { }, "geometry": { "type": "Polygon", "coordinates": [ [ [ -848988.382069480139762, -2399603.388307079207152 ], [ -1018892.806554192211479, -2301509.023094322066754 ], [ -1018892.806554192211479, -2105320.292668808251619 ], [ -848988.382069480139762, -2007225.927456051111221 ], [ -679083.957584768068045, -2105320.292668808251619 ], [ -679083.957584768068045, -2301509.023094322066754 ], [ -848988.382069480139762, -2399603.388307079207152 ] ] ] } },
{ "type": "Feature", "properties": { }, "geometry": { "type": "Polygon", "coordinates": [ [ [ -848988.382069480139762, -1811037.197030537063256 ], [ -1018892.806554192211479, -1712942.831817779922858 ], [ -1018892.806554192211479, -1516754.101392265874892 ], [ -848988.382069480139762, -1418659.736179508734494 ], [ -679083.957584768068045, -1516754.101392265874892 ], [ -679083.957584768068045, -1712942.831817779922858 ], [ -848988.382069480139762, -1811037.197030537063256 ] ] ] } },
{ "type": "Feature", "properties": { }, "geometry": { "type": "Polygon", "coordinates": [ [ [ -848988.382069480139762, -1222471.005753994453698 ], [ -1018892.806554192211479, -1124376.6405412373133 ], [ -1018892.806554192211479, -928187.910115723614581 ], [ -848988.382069480139762, -830093.544902966357768 ], [ -679083.957584768068045, -928187.910115723614581 ], [ -679083.957584768068045, -1124376.6405412373133 ], [ -848988.382069480139762, -1222471.005753994453698 ] ] ] } },
{ "type": "Feature", "properties": { }, "geometry": { "type": "Polygon", "coordinates": [ [ [ -848988.382069480139762, -633904.814477452542633 ], [ -1018892.806554192211479, -535810.44926469551865 ], [ -1018892.806554192211479, -339621.718839181237854 ], [ -848988.382069480139762, -241527.353626423981041 ], [ -679083.957584768068045, -339621.718839181237854 ], [ -679083.957584768068045, -535810.44926469551865 ], [ -848988.382069480139762, -633904.814477452542633 ] ] ] } },
{ "type": "Feature", "properties": { }, "geometry": { "type": "Polygon", "coordinates": [ [ [ -848988.382069480139762, -45338.623200910165906 ], [ -1018892.806554192211479, 52755.742011846887181 ], [ -1018892.806554192211479, 248944.472437361167977 ], [ -848988.382069480139762, 347038.837650117930025 ], [ -679083.957584768068045, 248944.472437361167977 ], [ -679083.957584768068045, 52755.742011846887181 ], [ -848988.382069480139762, -45338.623200910165906 ] ] ] } },
{ "type": "Feature", "properties": { }, "geometry": { "type": "Polygon", "coordinates": [ [ [ -848988.382069480139762, 543227.568075632210821 ], [ -1018892.806554192211479, 641321.933288389234804 ], [ -1018892.806554192211479, 837510.6637139035156 ], [ -848988.382069480139762, 935605.028926660772413 ], [ -679083.957584768068045, 837510.6637139035156 ], [ -679083.957584768068045, 641321.933288389234804 ], [ -848988.382069480139762, 543227.568075632210821 ] ] ] } },
{ "type": "Feature", "properties": { }, "geometry": { "type": "Polygon", "coordinates": [ [ [ -848988.382069480139762, 1131793.759352175053209 ], [ -1018892.806554192211479, 1229888.124564932193607 ], [ -1018892.806554192211479, 1426076.854990445543081 ], [ -848988.382069480139762, 1524171.220203202683479 ], [ -679083.957584768068045, 1426076.854990445543081 ], [ -679083.957584768068045, 1229888.124564932193607 ], [ -848988.382069480139762, 1131793.759352175053209 ] ] ] } },
{ "type": "Feature", "properties": { }, "geometry": { "type": "Polygon", "coordinates": [ [ [ -848988.382069480139762, 1720359.950628716964275 ], [ -1018892.806554192211479, 1818454.315841474104673 ], [ -1018892.806554192211479, 2014643.046266988385469 ], [ -848988.382069480139762, 2112737.411479745525867 ], [ -679083.957584768068045, 2014643.046266988385469 ], [ -679083.957584768068045, 1818454.315841474104673 ], [ -848988.382069480139762, 1720359.950628716964275 ] ] ] } },
{ "type": "Feature", "properties": { }, "geometry": { "type": "Polygon", "coordinates": [ [ [ -848988.382069480139762, 2308926.14190525887534 ], [ -1018892.806554192211479, 2407020.507118016015738 ], [ -1018892.806554192211479, 2603209.237543530296534 ], [ -848988.382069480139762, 2701303.602756287436932 ], [ -679083.957584768068045, 2603209.237543530296534 ], [ -679083.957584768068045, 2407020.507118016015738 ], [ -848988.382069480139762, 2308926.14190525887534 ] ] ] } },
{ "type": "Feature", "properties": { }, "geometry": { "type": "Polygon", "coordinates": [ [ [ -848988.382069480139762, 2897492.333181801717728 ], [ -1018892.806554192211479, 2995586.698394558858126 ], [ -1018892.806554192211479, 3191775.428820073138922 ], [ -848988.382069480139762, 3289869.794032829347998 ], [ -679083.957584768068045, 3191775.428820073138922 ], [ -679083.957584768068045, 2995586.698394558858126 ], [ -848988.382069480139762, 2897492.333181801717728 ] ] ] } },
{ "type": "Feature", "properties": { }, "geometry": { "type": "Polygon", "coordinates": [ [ [ -848988.382069480139762, 3486058.524458343628794 ], [ -1018892.806554192211479, 3584152.889671100769192 ], [ -1018892.806554192211479, 3780341.620096615049988 ], [ -848988.382069480139762, 3878435.985309372190386 ], [ -679083.957584768068045, 3780341.620096615049988 ], [ -679083.957584768068045, 3584152.889671100769192 ], [ -848988.382069480139762, 3486058.524458343628794 ] ] ] } },
{ "type": "Feature", "properties": { }, "geometry": { "type": "Polygon", "coordinates": [ [ [ -679083.957584768068045, -3282452.675221892539412 ], [ -848988.382069480139762, -3184358.310009135864675 ], [ -848988.382069480139762, -2988169.579583621583879 ], [ -679083.957584768068045, -2890075.214370864443481 ], [ -509179.533100055530667, -2988169.579583621583879 ], [ -509179.533100055530667, -3184358.310009135864675 ], [ -679083.957584768068045, -3282452.675221892539412 ] ] ] } },
{ "type": "Feature", "properties": { }, "geometry": { "type": "Polygon", "coordinates": [ [ [ -679083.957584768068045, -2693886.483945350162685 ], [ -848988.382069480139762, -2595792.118732593487948 ], [ -848988.382069480139762, -2399603.388307079207152 ], [ -679083.957584768068045, -2301509.023094322066754 ], [ -509179.533100055530667, -2399603.388307079207152 ], [ -509179.533100055530667, -2595792.118732593487948 ], [ -679083.957584768068045, -2693886.483945350162685 ] ] ] } },
{ "type": "Feature", "properties": { }, "geometry": { "type": "Polygon", "coordinates": [ [ [ -679083.957584768068045, -2105320.292668808251619 ], [ -848988.382069480139762, -2007225.927456051111221 ], [ -848988.382069480139762, -1811037.197030537063256 ], [ -679083.957584768068045, -1712942.831817779922858 ], [ -509179.533100055530667, -1811037.197030537063256 ], [ -509179.533100055530667, -2007225.927456051111221 ], [ -679083.957584768068045, -2105320.292668808251619 ] ] ] } },
{ "type": "Feature", "properties": { }, "geometry": { "type": "Polygon", "coordinates": [ [ [ -679083.957584768068045, -1516754.101392265874892 ], [ -848988.382069480139762, -1418659.736179508734494 ], [ -848988.382069480139762, -1222471.005753994453698 ], [ -679083.957584768068045, -1124376.6405412373133 ], [ -509179.533100055530667, -1222471.005753994453698 ], [ -509179.533100055530667, -1418659.736179508734494 ], [ -679083.957584768068045, -1516754.101392265874892 ] ] ] } },
{ "type": "Feature", "properties": { }, "geometry": { "type": "Polygon", "coordinates": [ [ [ -679083.957584768068045, -928187.910115723614581 ], [ -848988.382069480139762, -830093.544902966357768 ], [ -848988.382069480139762, -633904.814477452542633 ], [ -679083.957584768068045, -535810.44926469551865 ], [ -509179.533100055530667, -633904.814477452542633 ], [ -509179.533100055530667, -830093.544902966357768 ], [ -679083.957584768068045, -928187.910115723614581 ] ] ] } },
{ "type": "Feature", "properties": { }, "geometry": { "type": "Polygon", "coordinates": [ [ [ -679083.957584768068045, -339621.718839181237854 ], [ -848988.382069480139762, -241527.353626423981041 ], [ -848988.382069480139762, -45338.623200910165906 ], [ -679083.957584768068045, 52755.742011846887181 ], [ -509179.533100055530667, -45338.623200910165906 ], [ -509179.533100055530667, -241527.353626423981041 ], [ -679083.957584768068045, -339621.718839181237854 ] ] ] } },
{ "type": "Feature", "properties": { }, "geometry": { "type": "Polygon", "coordinates": [ [ [ -679083.957584768068045, 248944.472437361167977 ], [ -848988.382069480139762, 347038.837650117930025 ], [ -848988.382069480139762, 543227.568075632210821 ], [ -679083.957584768068045, 641321.933288389234804 ], [ -509179.533100055530667, 543227.568075632210821 ], [ -509179.533100055530667, 347038.837650117930025 ], [ -679083.957584768068045, 248944.472437361167977 ] ] ] } },
{ "type": "Feature", "properties": { }, "geometry": { "type": "Polygon", "coordinates": [ [ [ -679083.957584768068045, 837510.6637139035156 ], [ -848988.382069480139762, 935605.028926660772413 ], [ -848988.382069480139762, 1131793.759352175053209 ], [ -679083.957584768068045, 1229888.124564932193607 ], [ -509179.533100055530667, 1131793.759352175053209 ], [ -509179.533100055530667, 935605.028926660772413 ], [ -679083.957584768068045, 837510.6637139035156 ] ] ] } },
{ "type": "Feature", "properties": { }, "geometry": { "type": "Polygon", "coordinates": [ [ [ -679083.957584768068045, 1426076.854990445543081 ], [ -848988.382069480139762, 1524171.220203202683479 ], [ -848988.382069480139762, 1720359.950628716964275 ], [ -679083.957584768068045, 1818454.315841474104673 ], [ -509179.533100055530667, 1720359.950628716964275 ], [ -509179.533100055530667, 1524171.220203202683479 ], [ -679083.957584768068045, 1426076.854990445543081 ] ] ] } },
{ "type": "Feature", "properties": { }, "geometry": { "type": "Polygon", "coordinates": [ [ [ -679083.957584768068045, 2014643.046266988385469 ], [ -848988.382069480139762, 2112737.411479745525867 ], [ -848988.382069480139762, 2308926.14190525887534 ], [ -679083.957584768068045, 2407020.507118016015738 ], [ -509179.533100055530667, 2308926.14190525887534 ], [ -509179.533100055530667, 2112737.411479745525867 ], [ -679083.957584768068045, 2014643.046266988385469 ] ] ] } },
{ "type": "Feature", "properties": { }, "geometry": { "type": "Polygon", "coordinates": [ [ [ -679083.957584768068045, 2603209.237543530296534 ], [ -848988.382069480139762, 2701303.602756287436932 ], [ -848988.382069480139762, 2897492.333181801717728 ], [ -679083.957584768068045, 2995586.698394558858126 ], [ -509179.533100055530667, 2897492.333181801717728 ], [ -509179.533100055530667, 2701303.602756287436932 ], [ -679083.957584768068045, 2603209.237543530296534 ] ] ] } },
{ "type": "Feature", "properties": { }, "geometry": { "type": "Polygon", "coordinates": [ [ [ -679083.957584768068045, 3191775.428820073138922 ], [ -848988.382069480139762, 3289869.794032829347998 ], [ -848988.382069480139762, 3486058.524458343628794 ], [ -679083.957584768068045, 3584152.889671100769192 ], [ -509179.533100055530667, 3486058.524458343628794 ], [ -509179.533100055530667, 3289869.794032829347998 ], [ -679083.957584768068045, 3191775.428820073138922 ] ] ] } },
{ "type": "Feature", "properties": { }, "geometry": { "type": "Polygon", "coordinates": [ [ [ -679083.957584768068045, 3780341.620096615049988 ], [ -848988.382069480139762, 3878435.985309372190386 ], [ -848988.382069480139762, 4074624.715734886471182 ], [ -679083.957584768068045, 4172719.08094764361158 ], [ -509179.533100055530667, 4074624.715734886471182 ], [ -509179.533100055530667, 3878435.985309372190386 ], [ -679083.957584768068045, 3780341.620096615049988 ] ] ] } },
{ "type": "Feature", "properties": { }, "geometry": { "type": "Polygon", "coordinates": [ [ [ -509179.533100055530667, -3576735.770860163960606 ], [ -679083.957584768068045, -3478641.405647406820208 ], [ -679083.957584768068045, -3282452.675221892539412 ], [ -509179.533100055530667, -3184358.310009135864675 ], [ -339275.108615343458951, -3282452.675221892539412 ], [ -339275.108615343458951, -3478641.405647406820208 ], [ -509179.533100055530667, -3576735.770860163960606 ] ] ] } },
{ "type": "Feature", "properties": { }, "geometry": { "type": "Polygon", "coordinates": [ [ [ -509179.533100055530667, -2988169.579583621583879 ], [ -679083.957584768068045, -2890075.214370864443481 ], [ -679083.957584768068045, -2693886.483945350162685 ], [ -509179.533100055530667, -2595792.118732593487948 ], [ -339275.108615343458951, -2693886.483945350162685 ], [ -339275.108615343458951, -2890075.214370864443481 ], [ -509179.533100055530667, -2988169.579583621583879 ] ] ] } },
{ "type": "Feature", "properties": { }, "geometry": { "type": "Polygon", "coordinates": [ [ [ -509179.533100055530667, -2399603.388307079207152 ], [ -679083.957584768068045, -2301509.023094322066754 ], [ -679083.957584768068045, -2105320.292668808251619 ], [ -509179.533100055530667, -2007225.927456051111221 ], [ -339275.108615343458951, -2105320.292668808251619 ], [ -339275.108615343458951, -2301509.023094322066754 ], [ -509179.533100055530667, -2399603.388307079207152 ] ] ] } },
{ "type": "Feature", "properties": { }, "geometry": { "type": "Polygon", "coordinates": [ [ [ -509179.533100055530667, -1811037.197030537063256 ], [ -679083.957584768068045, -1712942.831817779922858 ], [ -679083.957584768068045, -1516754.101392265874892 ], [ -509179.533100055530667, -1418659.736179508734494 ], [ -339275.108615343458951, -1516754.101392265874892 ], [ -339275.108615343458951, -1712942.831817779922858 ], [ -509179.533100055530667, -1811037.197030537063256 ] ] ] } },
{ "type": "Feature", "properties": { }, "geometry": { "type": "Polygon", "coordinates": [ [ [ -509179.533100055530667, -1222471.005753994453698 ], [ -679083.957584768068045, -1124376.6405412373133 ], [ -679083.957584768068045, -928187.910115723614581 ], [ -509179.533100055530667, -830093.544902966357768 ], [ -339275.108615343458951, -928187.910115723614581 ], [ -339275.108615343458951, -1124376.6405412373133 ], [ -509179.533100055530667, -1222471.005753994453698 ] ] ] } },
{ "type": "Feature", "properties": { }, "geometry": { "type": "Polygon", "coordinates": [ [ [ -509179.533100055530667, -633904.814477452542633 ], [ -679083.957584768068045, -535810.44926469551865 ], [ -679083.957584768068045, -339621.718839181237854 ], [ -509179.533100055530667, -241527.353626423981041 ], [ -339275.108615343458951, -339621.718839181237854 ], [ -339275.108615343458951, -535810.44926469551865 ], [ -509179.533100055530667, -633904.814477452542633 ] ] ] } },
{ "type": "Feature", "properties": { }, "geometry": { "type": "Polygon", "coordinates": [ [ [ -509179.533100055530667, -45338.623200910165906 ], [ -679083.957584768068045, 52755.742011846887181 ], [ -679083.957584768068045, 248944.472437361167977 ], [ -509179.533100055530667, 347038.837650117930025 ], [ -339275.108615343458951, 248944.472437361167977 ], [ -339275.108615343458951, 52755.742011846887181 ], [ -509179.533100055530667, -45338.623200910165906 ] ] ] } },
{ "type": "Feature", "properties": { }, "geometry": { "type": "Polygon", "coordinates": [ [ [ -509179.533100055530667, 543227.568075632210821 ], [ -679083.957584768068045, 641321.933288389234804 ], [ -679083.957584768068045, 837510.6637139035156 ], [ -509179.533100055530667, 935605.028926660772413 ], [ -339275.108615343458951, 837510.6637139035156 ], [ -339275.108615343458951, 641321.933288389234804 ], [ -509179.533100055530667, 543227.568075632210821 ] ] ] } },
{ "type": "Feature", "properties": { }, "geometry": { "type": "Polygon", "coordinates": [ [ [ -509179.533100055530667, 1131793.759352175053209 ], [ -679083.957584768068045, 1229888.124564932193607 ], [ -679083.957584768068045, 1426076.854990445543081 ], [ -509179.533100055530667, 1524171.220203202683479 ], [ -339275.108615343458951, 1426076.854990445543081 ], [ -339275.108615343458951, 1229888.124564932193607 ], [ -509179.533100055530667, 1131793.759352175053209 ] ] ] } },
{ "type": "Feature", "properties": { }, "geometry": { "type": "Polygon", "coordinates": [ [ [ -509179.533100055530667, 1720359.950628716964275 ], [ -679083.957584768068045, 1818454.315841474104673 ], [ -679083.957584768068045, 2014643.046266988385469 ], [ -509179.533100055530667, 2112737.411479745525867 ], [ -339275.108615343458951, 2014643.046266988385469 ], [ -339275.108615343458951, 1818454.315841474104673 ], [ -509179.533100055530667, 1720359.950628716964275 ] ] ] } },
{ "type": "Feature", "properties": { }, "geometry": { "type": "Polygon", "coordinates": [ [ [ -509179.533100055530667, 2308926.14190525887534 ], [ -679083.957584768068045, 2407020.507118016015738 ], [ -679083.957584768068045, 2603209.237543530296534 ], [ -509179.533100055530667, 2701303.602756287436932 ], [ -339275.108615343458951, 2603209.237543530296534 ], [ -339275.108615343458951, 2407020.507118016015738 ], [ -509179.533100055530667, 2308926.14190525887534 ] ] ] } },
{ "type": "Feature", "properties": { }, "geometry": { "type": "Polygon", "coordinates": [ [ [ -509179.533100055530667, 2897492.333181801717728 ], [ -679083.957584768068045, 2995586.698394558858126 ], [ -679083.957584768068045, 3191775.428820073138922 ], [ -509179.533100055530667, 3289869.794032829347998 ], [ -339275.108615343458951, 3191775.428820073138922 ], [ -339275.108615343458951, 2995586.698394558858126 ], [ -509179.533100055530667, 2897492.333181801717728 ] ] ] } },
{ "type": "Feature", "properties": { }, "geometry": { "type": "Polygon", "coordinates": [ [ [ -509179.533100055530667, 3486058.524458343628794 ], [ -679083.957584768068045, 3584152.889671100769192 ], [ -679083.957584768068045, 3780341.620096615049988 ], [ -509179.533100055530667, 3878435.985309372190386 ], [ -339275.108615343458951, 3780341.620096615049988 ], [ -339275.108615343458951, 3584152.889671100769192 ], [ -509179.533100055530667, 3486058.524458343628794 ] ] ] } },
{ "type": "Feature", "properties": { }, "geometry": { "type": "Polygon", "coordinates": [ [ [ -339275.108615343458951, -3282452.675221892539412 ], [ -509179.533100055530667, -3184358.310009135864675 ], [ -509179.533100055530667, -2988169.579583621583879 ], [ -339275.108615343458951, -2890075.214370864443481 ], [ -169370.684130631387234, -2988169.579583621583879 ], [ -169370.684130631387234, -3184358.310009135864675 ], [ -339275.108615343458951, -3282452.675221892539412 ] ] ] } },
{ "type": "Feature", "properties": { }, "geometry": { "type": "Polygon", "coordinates": [ [ [ -339275.108615343458951, -2693886.483945350162685 ], [ -509179.533100055530667, -2595792.118732593487948 ], [ -509179.533100055530667, -2399603.388307079207152 ], [ -339275.108615343458951, -2301509.023094322066754 ], [ -169370.684130631387234, -2399603.388307079207152 ], [ -169370.684130631387234, -2595792.118732593487948 ], [ -339275.108615343458951, -2693886.483945350162685 ] ] ] } },
{ "type": "Feature", "properties": { }, "geometry": { "type": "Polygon", "coordinates": [ [ [ -339275.108615343458951, -2105320.292668808251619 ], [ -509179.533100055530667, -2007225.927456051111221 ], [ -509179.533100055530667, -1811037.197030537063256 ], [ -339275.108615343458951, -1712942.831817779922858 ], [ -169370.684130631387234, -1811037.197030537063256 ], [ -169370.684130631387234, -2007225.927456051111221 ], [ -339275.108615343458951, -2105320.292668808251619 ] ] ] } },
{ "type": "Feature", "properties": { }, "geometry": { "type": "Polygon", "coordinates": [ [ [ -339275.108615343458951, -1516754.101392265874892 ], [ -509179.533100055530667, -1418659.736179508734494 ], [ -509179.533100055530667, -1222471.005753994453698 ], [ -339275.108615343458951, -1124376.6405412373133 ], [ -169370.684130631387234, -1222471.005753994453698 ], [ -169370.684130631387234, -1418659.736179508734494 ], [ -339275.108615343458951, -1516754.101392265874892 ] ] ] } },
{ "type": "Feature", "properties": { }, "geometry": { "type": "Polygon", "coordinates": [ [ [ -339275.108615343458951, -928187.910115723614581 ], [ -509179.533100055530667, -830093.544902966357768 ], [ -509179.533100055530667, -633904.814477452542633 ], [ -339275.108615343458951, -535810.44926469551865 ], [ -169370.684130631387234, -633904.814477452542633 ], [ -169370.684130631387234, -830093.544902966357768 ], [ -339275.108615343458951, -928187.910115723614581 ] ] ] } },
{ "type": "Feature", "properties": { }, "geometry": { "type": "Polygon", "coordinates": [ [ [ -339275.108615343458951, -339621.718839181237854 ], [ -509179.533100055530667, -241527.353626423981041 ], [ -509179.533100055530667, -45338.623200910165906 ], [ -339275.108615343458951, 52755.742011846887181 ], [ -169370.684130631387234, -45338.623200910165906 ], [ -169370.684130631387234, -241527.353626423981041 ], [ -339275.108615343458951, -339621.718839181237854 ] ] ] } },
{ "type": "Feature", "properties": { }, "geometry": { "type": "Polygon", "coordinates": [ [ [ -339275.108615343458951, 248944.472437361167977 ], [ -509179.533100055530667, 347038.837650117930025 ], [ -509179.533100055530667, 543227.568075632210821 ], [ -339275.108615343458951, 641321.933288389234804 ], [ -169370.684130631387234, 543227.568075632210821 ], [ -169370.684130631387234, 347038.837650117930025 ], [ -339275.108615343458951, 248944.472437361167977 ] ] ] } },
{ "type": "Feature", "properties": { }, "geometry": { "type": "Polygon", "coordinates": [ [ [ -339275.108615343458951, 837510.6637139035156 ], [ -509179.533100055530667, 935605.028926660772413 ], [ -509179.533100055530667, 1131793.759352175053209 ], [ -339275.108615343458951, 1229888.124564932193607 ], [ -169370.684130631387234, 1131793.759352175053209 ], [ -169370.684130631387234, 935605.028926660772413 ], [ -339275.108615343458951, 837510.6637139035156 ] ] ] } },
{ "type": "Feature", "properties": { }, "geometry": { "type": "Polygon", "coordinates": [ [ [ -339275.108615343458951, 1426076.854990445543081 ], [ -509179.533100055530667, 1524171.220203202683479 ], [ -509179.533100055530667, 1720359.950628716964275 ], [ -339275.108615343458951, 1818454.315841474104673 ], [ -169370.684130631387234, 1720359.950628716964275 ], [ -169370.684130631387234, 1524171.220203202683479 ], [ -339275.108615343458951, 1426076.854990445543081 ] ] ] } },
{ "type": "Feature", "properties": { }, "geometry": { "type": "Polygon", "coordinates": [ [ [ -339275.108615343458951, 2014643.046266988385469 ], [ -509179.533100055530667, 2112737.411479745525867 ], [ -509179.533100055530667, 2308926.14190525887534 ], [ -339275.108615343458951, 2407020.507118016015738 ], [ -169370.684130631387234, 2308926.14190525887534 ], [ -169370.684130631387234, 2112737.411479745525867 ], [ -339275.108615343458951, 2014643.046266988385469 ] ] ] } },
{ "type": "Feature", "properties": { }, "geometry": { "type": "Polygon", "coordinates": [ [ [ -339275.108615343458951, 2603209.237543530296534 ], [ -509179.533100055530667, 2701303.602756287436932 ], [ -509179.533100055530667, 2897492.333181801717728 ], [ -339275.108615343458951, 2995586.698394558858126 ], [ -169370.684130631387234, 2897492.333181801717728 ], [ -169370.684130631387234, 2701303.602756287436932 ], [ -339275.108615343458951, 2603209.237543530296534 ] ] ] } },
{ "type": "Feature", "properties": { }, "geometry": { "type": "Polygon", "coordinates": [ [ [ -339275.108615343458951, 3191775.428820073138922 ], [ -509179.533100055530667, 3289869.794032829347998 ], [ -509179.533100055530667, 3486058.524458343628794 ], [ -339275.108615343458951, 3584152.889671100769192 ], [ -169370.684130631387234, 3486058.524458343628794 ], [ -169370.684130631387234, 3289869.794032829347998 ], [ -339275.108615343458951, 3191775.428820073138922 ] ] ] } },
{ "type": "Feature", "properties": { }, "geometry": { "type": "Polygon", "coordinates": [ [ [ -339275.108615343458951, 3780341.620096615049988 ], [ -509179.533100055530667, 3878435.985309372190386 ], [ -509179.533100055530667, 4074624.715734886471182 ], [ -339275.108615343458951, 4172719.08094764361158 ], [ -169370.684130631387234, 4074624.715734886471182 ], [ -169370.684130631387234, 3878435.985309372190386 ], [ -339275.108615343458951, 3780341.620096615049988 ] ] ] } },
{ "type": "Feature", "properties": { }, "geometry": { "type": "Polygon", "coordinates": [ [ [ -169370.684130631387234, -3576735.770860163960606 ], [ -339275.108615343458951, -3478641.405647406820208 ], [ -339275.108615343458951, -3282452.675221892539412 ], [ -169370.684130631387234, -3184358.310009135864675 ], [ 533.740354080684483, -3282452.675221892539412 ], [ 533.740354080684483, -3478641.405647406820208 ], [ -169370.684130631387234, -3576735.770860163960606 ] ] ] } },
{ "type": "Feature", "properties": { }, "geometry": { "type": "Polygon", "coordinates": [ [ [ -169370.684130631387234, -2988169.579583621583879 ], [ -339275.108615343458951, -2890075.214370864443481 ], [ -339275.108615343458951, -2693886.483945350162685 ], [ -169370.684130631387234, -2595792.118732593487948 ], [ 533.740354080684483, -2693886.483945350162685 ], [ 533.740354080684483, -2890075.214370864443481 ], [ -169370.684130631387234, -2988169.579583621583879 ] ] ] } },
{ "type": "Feature", "properties": { }, "geometry": { "type": "Polygon", "coordinates": [ [ [ -169370.684130631387234, -2399603.388307079207152 ], [ -339275.108615343458951, -2301509.023094322066754 ], [ -339275.108615343458951, -2105320.292668808251619 ], [ -169370.684130631387234, -2007225.927456051111221 ], [ 533.740354080684483, -2105320.292668808251619 ], [ 533.740354080684483, -2301509.023094322066754 ], [ -169370.684130631387234, -2399603.388307079207152 ] ] ] } },
{ "type": "Feature", "properties": { }, "geometry": { "type": "Polygon", "coordinates": [ [ [ -169370.684130631387234, -1811037.197030537063256 ], [ -339275.108615343458951, -1712942.831817779922858 ], [ -339275.108615343458951, -1516754.101392265874892 ], [ -169370.684130631387234, -1418659.736179508734494 ], [ 533.740354080684483, -1516754.101392265874892 ], [ 533.740354080684483, -1712942.831817779922858 ], [ -169370.684130631387234, -1811037.197030537063256 ] ] ] } },
{ "type": "Feature", "properties": { }, "geometry": { "type": "Polygon", "coordinates": [ [ [ -169370.684130631387234, -1222471.005753994453698 ], [ -339275.108615343458951, -1124376.6405412373133 ], [ -339275.108615343458951, -928187.910115723614581 ], [ -169370.684130631387234, -830093.544902966357768 ], [ 533.740354080684483, -928187.910115723614581 ], [ 533.740354080684483, -1124376.6405412373133 ], [ -169370.684130631387234, -1222471.005753994453698 ] ] ] } },
{ "type": "Feature", "properties": { }, "geometry": { "type": "Polygon", "coordinates": [ [ [ -169370.684130631387234, -633904.814477452542633 ], [ -339275.108615343458951, -535810.44926469551865 ], [ -339275.108615343458951, -339621.718839181237854 ], [ -169370.684130631387234, -241527.353626423981041 ], [ 533.740354080684483, -339621.718839181237854 ], [ 533.740354080684483, -535810.44926469551865 ], [ -169370.684130631387234, -633904.814477452542633 ] ] ] } },
{ "type": "Feature", "properties": { }, "geometry": { "type": "Polygon", "coordinates": [ [ [ -169370.684130631387234, -45338.623200910165906 ], [ -339275.108615343458951, 52755.742011846887181 ], [ -339275.108615343458951, 248944.472437361167977 ], [ -169370.684130631387234, 347038.837650117930025 ], [ 533.740354080684483, 248944.472437361167977 ], [ 533.740354080684483, 52755.742011846887181 ], [ -169370.684130631387234, -45338.623200910165906 ] ] ] } },
{ "type": "Feature", "properties": { }, "geometry": { "type": "Polygon", "coordinates": [ [ [ -169370.684130631387234, 543227.568075632210821 ], [ -339275.108615343458951, 641321.933288389234804 ], [ -339275.108615343458951, 837510.6637139035156 ], [ -169370.684130631387234, 935605.028926660772413 ], [ 533.740354080684483, 837510.6637139035156 ], [ 533.740354080684483, 641321.933288389234804 ], [ -169370.684130631387234, 543227.568075632210821 ] ] ] } },
{ "type": "Feature", "properties": { }, "geometry": { "type": "Polygon", "coordinates": [ [ [ -169370.684130631387234, 1131793.759352175053209 ], [ -339275.108615343458951, 1229888.124564932193607 ], [ -339275.108615343458951, 1426076.854990445543081 ], [ -169370.684130631387234, 1524171.220203202683479 ], [ 533.740354080684483, 1426076.854990445543081 ], [ 533.740354080684483, 1229888.124564932193607 ], [ -169370.684130631387234, 1131793.759352175053209 ] ] ] } },
{ "type": "Feature", "properties": { }, "geometry": { "type": "Polygon", "coordinates": [ [ [ -169370.684130631387234, 1720359.950628716964275 ], [ -339275.108615343458951, 1818454.315841474104673 ], [ -339275.108615343458951, 2014643.046266988385469 ], [ -169370.684130631387234, 2112737.411479745525867 ], [ 533.740354080684483, 2014643.046266988385469 ], [ 533.740354080684483, 1818454.315841474104673 ], [ -169370.684130631387234, 1720359.950628716964275 ] ] ] } },
{ "type": "Feature", "properties": { }, "geometry": { "type": "Polygon", "coordinates": [ [ [ -169370.684130631387234, 2308926.14190525887534 ], [ -339275.108615343458951, 2407020.507118016015738 ], [ -339275.108615343458951, 2603209.237543530296534 ], [ -169370.684130631387234, 2701303.602756287436932 ], [ 533.740354080684483, 2603209.237543530296534 ], [ 533.740354080684483, 2407020.507118016015738 ], [ -169370.684130631387234, 2308926.14190525887534 ] ] ] } },
{ "type": "Feature", "properties": { }, "geometry": { "type": "Polygon", "coordinates": [ [ [ -169370.684130631387234, 2897492.333181801717728 ], [ -339275.108615343458951, 2995586.698394558858126 ], [ -339275.108615343458951, 3191775.428820073138922 ], [ -169370.684130631387234, 3289869.794032829347998 ], [ 533.740354080684483, 3191775.428820073138922 ], [ 533.740354080684483, 2995586.698394558858126 ], [ -169370.684130631387234, 2897492.333181801717728 ] ] ] } },
{ "type": "Feature", "properties": { }, "geometry": { "type": "Polygon", "coordinates": [ [ [ -169370.684130631387234, 3486058.524458343628794 ], [ -339275.108615343458951, 3584152.889671100769192 ], [ -339275.108615343458951, 3780341.620096615049988 ], [ -169370.684130631387234, 3878435.985309372190386 ], [ 533.740354080684483, 3780341.620096615049988 ], [ 533.740354080684483, 3584152.889671100769192 ], [ -169370.684130631387234, 3486058.524458343628794 ] ] ] } },
{ "type": "Feature", "properties": { }, "geometry": { "type": "Polygon", "coordinates": [ [ [ 533.740354080684483, -3282452.675221892539412 ], [ -169370.684130631387234, -3184358.310009135864675 ], [ -169370.684130631387234, -2988169.579583621583879 ], [ 533.740354080684483, -2890075.214370864443481 ], [ 170438.1648387927562, -2988169.579583621583879 ], [ 170438.1648387927562, -3184358.310009135864675 ], [ 533.740354080684483, -3282452.675221892539412 ] ] ] } },
{ "type": "Feature", "properties": { }, "geometry": { "type": "Polygon", "coordinates": [ [ [ 533.740354080684483, -2693886.483945350162685 ], [ -169370.684130631387234, -2595792.118732593487948 ], [ -169370.684130631387234, -2399603.388307079207152 ], [ 533.740354080684483, -2301509.023094322066754 ], [ 170438.1648387927562, -2399603.388307079207152 ], [ 170438.1648387927562, -2595792.118732593487948 ], [ 533.740354080684483, -2693886.483945350162685 ] ] ] } },
{ "type": "Feature", "properties": { }, "geometry": { "type": "Polygon", "coordinates": [ [ [ 533.740354080684483, -2105320.292668808251619 ], [ -169370.684130631387234, -2007225.927456051111221 ], [ -169370.684130631387234, -1811037.197030537063256 ], [ 533.740354080684483, -1712942.831817779922858 ], [ 170438.1648387927562, -1811037.197030537063256 ], [ 170438.1648387927562, -2007225.927456051111221 ], [ 533.740354080684483, -2105320.292668808251619 ] ] ] } },
{ "type": "Feature", "properties": { }, "geometry": { "type": "Polygon", "coordinates": [ [ [ 533.740354080684483, -1516754.101392265874892 ], [ -169370.684130631387234, -1418659.736179508734494 ], [ -169370.684130631387234, -1222471.005753994453698 ], [ 533.740354080684483, -1124376.6405412373133 ], [ 170438.1648387927562, -1222471.005753994453698 ], [ 170438.1648387927562, -1418659.736179508734494 ], [ 533.740354080684483, -1516754.101392265874892 ] ] ] } },
{ "type": "Feature", "properties": { }, "geometry": { "type": "Polygon", "coordinates": [ [ [ 533.740354080684483, -928187.910115723614581 ], [ -169370.684130631387234, -830093.544902966357768 ], [ -169370.684130631387234, -633904.814477452542633 ], [ 533.740354080684483, -535810.44926469551865 ], [ 170438.1648387927562, -633904.814477452542633 ], [ 170438.1648387927562, -830093.544902966357768 ], [ 533.740354080684483, -928187.910115723614581 ] ] ] } },
{ "type": "Feature", "properties": { }, "geometry": { "type": "Polygon", "coordinates": [ [ [ 533.740354080684483, -339621.718839181237854 ], [ -169370.684130631387234, -241527.353626423981041 ], [ -169370.684130631387234, -45338.623200910165906 ], [ 533.740354080684483, 52755.742011846887181 ], [ 170438.1648387927562, -45338.623200910165906 ], [ 170438.1648387927562, -241527.353626423981041 ], [ 533.740354080684483, -339621.718839181237854 ] ] ] } },
{ "type": "Feature", "properties": { }, "geometry": { "type": "Polygon", "coordinates": [ [ [ 533.740354080684483, 248944.472437361167977 ], [ -169370.684130631387234, 347038.837650117930025 ], [ -169370.684130631387234, 543227.568075632210821 ], [ 533.740354080684483, 641321.933288389234804 ], [ 170438.1648387927562, 543227.568075632210821 ], [ 170438.1648387927562, 347038.837650117930025 ], [ 533.740354080684483, 248944.472437361167977 ] ] ] } },
{ "type": "Feature", "properties": { }, "geometry": { "type": "Polygon", "coordinates": [ [ [ 533.740354080684483, 837510.6637139035156 ], [ -169370.684130631387234, 935605.028926660772413 ], [ -169370.684130631387234, 1131793.759352175053209 ], [ 533.740354080684483, 1229888.124564932193607 ], [ 170438.1648387927562, 1131793.759352175053209 ], [ 170438.1648387927562, 935605.028926660772413 ], [ 533.740354080684483, 837510.6637139035156 ] ] ] } },
{ "type": "Feature", "properties": { }, "geometry": { "type": "Polygon", "coordinates": [ [ [ 533.740354080684483, 1426076.854990445543081 ], [ -169370.684130631387234, 1524171.220203202683479 ], [ -169370.684130631387234, 1720359.950628716964275 ], [ 533.740354080684483, 1818454.315841474104673 ], [ 170438.1648387927562, 1720359.950628716964275 ], [ 170438.1648387927562, 1524171.220203202683479 ], [ 533.740354080684483, 1426076.854990445543081 ] ] ] } },
{ "type": "Feature", "properties": { }, "geometry": { "type": "Polygon", "coordinates": [ [ [ 533.740354080684483, 2014643.046266988385469 ], [ -169370.684130631387234, 2112737.411479745525867 ], [ -169370.684130631387234, 2308926.14190525887534 ], [ 533.740354080684483, 2407020.507118016015738 ], [ 170438.1648387927562, 2308926.14190525887534 ], [ 170438.1648387927562, 2112737.411479745525867 ], [ 533.740354080684483, 2014643.046266988385469 ] ] ] } },
{ "type": "Feature", "properties": { }, "geometry": { "type": "Polygon", "coordinates": [ [ [ 533.740354080684483, 2603209.237543530296534 ], [ -169370.684130631387234, 2701303.602756287436932 ], [ -169370.684130631387234, 2897492.333181801717728 ], [ 533.740354080684483, 2995586.698394558858126 ], [ 170438.1648387927562, 2897492.333181801717728 ], [ 170438.1648387927562, 2701303.602756287436932 ], [ 533.740354080684483, 2603209.237543530296534 ] ] ] } },
{ "type": "Feature", "properties": { }, "geometry": { "type": "Polygon", "coordinates": [ [ [ 533.740354080684483, 3191775.428820073138922 ], [ -169370.684130631387234, 3289869.794032829347998 ], [ -169370.684130631387234, 3486058.524458343628794 ], [ 533.740354080684483, 3584152.889671100769192 ], [ 170438.1648387927562, 3486058.524458343628794 ], [ 170438.1648387927562, 3289869.794032829347998 ], [ 533.740354080684483, 3191775.428820073138922 ] ] ] } },
{ "type": "Feature", "properties": { }, "geometry": { "type": "Polygon", "coordinates": [ [ [ 533.740354080684483, 3780341.620096615049988 ], [ -169370.684130631387234, 3878435.985309372190386 ], [ -169370.684130631387234, 4074624.715734886471182 ], [ 533.740354080684483, 4172719.08094764361158 ], [ 170438.1648387927562, 4074624.715734886471182 ], [ 170438.1648387927562, 3878435.985309372190386 ], [ 533.740354080684483, 3780341.620096615049988 ] ] ] } },
{ "type": "Feature", "properties": { }, "geometry": { "type": "Polygon", "coordinates": [ [ [ 170438.1648387927562, -3576735.770860163960606 ], [ 533.740354080684483, -3478641.405647406820208 ], [ 533.740354080684483, -3282452.675221892539412 ], [ 170438.1648387927562, -3184358.310009135864675 ], [ 340342.589323505759239, -3282452.675221892539412 ], [ 340342.589323505759239, -3478641.405647406820208 ], [ 170438.1648387927562, -3576735.770860163960606 ] ] ] } },
{ "type": "Feature", "properties": { }, "geometry": { "type": "Polygon", "coordinates": [ [ [ 170438.1648387927562, -2988169.579583621583879 ], [ 533.740354080684483, -2890075.214370864443481 ], [ 533.740354080684483, -2693886.483945350162685 ], [ 170438.1648387927562, -2595792.118732593487948 ], [ 340342.589323505759239, -2693886.483945350162685 ], [ 340342.589323505759239, -2890075.214370864443481 ], [ 170438.1648387927562, -2988169.579583621583879 ] ] ] } },
{ "type": "Feature", "properties": { }, "geometry": { "type": "Polygon", "coordinates": [ [ [ 170438.1648387927562, -2399603.388307079207152 ], [ 533.740354080684483, -2301509.023094322066754 ], [ 533.740354080684483, -2105320.292668808251619 ], [ 170438.1648387927562, -2007225.927456051111221 ], [ 340342.589323505759239, -2105320.292668808251619 ], [ 340342.589323505759239, -2301509.023094322066754 ], [ 170438.1648387927562, -2399603.388307079207152 ] ] ] } },
{ "type": "Feature", "properties": { }, "geometry": { "type": "Polygon", "coordinates": [ [ [ 170438.1648387927562, -1811037.197030537063256 ], [ 533.740354080684483, -1712942.831817779922858 ], [ 533.740354080684483, -1516754.101392265874892 ], [ 170438.1648387927562, -1418659.736179508734494 ], [ 340342.589323505759239, -1516754.101392265874892 ], [ 340342.589323505759239, -1712942.831817779922858 ], [ 170438.1648387927562, -1811037.197030537063256 ] ] ] } },
{ "type": "Feature", "properties": { }, "geometry": { "type": "Polygon", "coordinates": [ [ [ 170438.1648387927562, -1222471.005753994453698 ], [ 533.740354080684483, -1124376.6405412373133 ], [ 533.740354080684483, -928187.910115723614581 ], [ 170438.1648387927562, -830093.544902966357768 ], [ 340342.589323505759239, -928187.910115723614581 ], [ 340342.589323505759239, -1124376.6405412373133 ], [ 170438.1648387927562, -1222471.005753994453698 ] ] ] } },
{ "type": "Feature", "properties": { }, "geometry": { "type": "Polygon", "coordinates": [ [ [ 170438.1648387927562, -633904.814477452542633 ], [ 533.740354080684483, -535810.44926469551865 ], [ 533.740354080684483, -339621.718839181237854 ], [ 170438.1648387927562, -241527.353626423981041 ], [ 340342.589323505759239, -339621.718839181237854 ], [ 340342.589323505759239, -535810.44926469551865 ], [ 170438.1648387927562, -633904.814477452542633 ] ] ] } },
{ "type": "Feature", "properties": { }, "geometry": { "type": "Polygon", "coordinates": [ [ [ 170438.1648387927562, -45338.623200910165906 ], [ 533.740354080684483, 52755.742011846887181 ], [ 533.740354080684483, 248944.472437361167977 ], [ 170438.1648387927562, 347038.837650117930025 ], [ 340342.589323505759239, 248944.472437361167977 ], [ 340342.589323505759239, 52755.742011846887181 ], [ 170438.1648387927562, -45338.623200910165906 ] ] ] } },
{ "type": "Feature", "properties": { }, "geometry": { "type": "Polygon", "coordinates": [ [ [ 170438.1648387927562, 543227.568075632210821 ], [ 533.740354080684483, 641321.933288389234804 ], [ 533.740354080684483, 837510.6637139035156 ], [ 170438.1648387927562, 935605.028926660772413 ], [ 340342.589323505759239, 837510.6637139035156 ], [ 340342.589323505759239, 641321.933288389234804 ], [ 170438.1648387927562, 543227.568075632210821 ] ] ] } },
{ "type": "Feature", "properties": { }, "geometry": { "type": "Polygon", "coordinates": [ [ [ 170438.1648387927562, 1131793.759352175053209 ], [ 533.740354080684483, 1229888.124564932193607 ], [ 533.740354080684483, 1426076.854990445543081 ], [ 170438.1648387927562, 1524171.220203202683479 ], [ 340342.589323505759239, 1426076.854990445543081 ], [ 340342.589323505759239, 1229888.124564932193607 ], [ 170438.1648387927562, 1131793.759352175053209 ] ] ] } },
{ "type": "Feature", "properties": { }, "geometry": { "type": "Polygon", "coordinates": [ [ [ 170438.1648387927562, 1720359.950628716964275 ], [ 533.740354080684483, 1818454.315841474104673 ], [ 533.740354080684483, 2014643.046266988385469 ], [ 170438.1648387927562, 2112737.411479745525867 ], [ 340342.589323505759239, 2014643.046266988385469 ], [ 340342.589323505759239, 1818454.315841474104673 ], [ 170438.1648387927562, 1720359.950628716964275 ] ] ] } },
{ "type": "Feature", "properties": { }, "geometry": { "type": "Polygon", "coordinates": [ [ [ 170438.1648387927562, 2308926.14190525887534 ], [ 533.740354080684483, 2407020.507118016015738 ], [ 533.740354080684483, 2603209.237543530296534 ], [ 170438.1648387927562, 2701303.602756287436932 ], [ 340342.589323505759239, 2603209.237543530296534 ], [ 340342.589323505759239, 2407020.507118016015738 ], [ 170438.1648387927562, 2308926.14190525887534 ] ] ] } },
{ "type": "Feature", "properties": { }, "geometry": { "type": "Polygon", "coordinates": [ [ [ 170438.1648387927562, 2897492.333181801717728 ], [ 533.740354080684483, 2995586.698394558858126 ], [ 533.740354080684483, 3191775.428820073138922 ], [ 170438.1648387927562, 3289869.794032829347998 ], [ 340342.589323505759239, 3191775.428820073138922 ], [ 340342.589323505759239, 2995586.698394558858126 ], [ 170438.1648387927562, 2897492.333181801717728 ] ] ] } },
{ "type": "Feature", "properties": { }, "geometry": { "type": "Polygon", "coordinates": [ [ [ 170438.1648387927562, 3486058.524458343628794 ], [ 533.740354080684483, 3584152.889671100769192 ], [ 533.740354080684483, 3780341.620096615049988 ], [ 170438.1648387927562, 3878435.985309372190386 ], [ 340342.589323505759239, 3780341.620096615049988 ], [ 340342.589323505759239, 3584152.889671100769192 ], [ 170438.1648387927562, 3486058.524458343628794 ] ] ] } },
{ "type": "Feature", "properties": { }, "geometry": { "type": "Polygon", "coordinates": [ [ [ 340342.589323505759239, -3282452.675221892539412 ], [ 170438.1648387927562, -3184358.310009135864675 ], [ 170438.1648387927562, -2988169.579583621583879 ], [ 340342.589323505759239, -2890075.214370864443481 ], [ 510247.013808217830956, -2988169.579583621583879 ], [ 510247.013808217830956, -3184358.310009135864675 ], [ 340342.589323505759239, -3282452.675221892539412 ] ] ] } },
{ "type": "Feature", "properties": { }, "geometry": { "type": "Polygon", "coordinates": [ [ [ 340342.589323505759239, -2693886.483945350162685 ], [ 170438.1648387927562, -2595792.118732593487948 ], [ 170438.1648387927562, -2399603.388307079207152 ], [ 340342.589323505759239, -2301509.023094322066754 ], [ 510247.013808217830956, -2399603.388307079207152 ], [ 510247.013808217830956, -2595792.118732593487948 ], [ 340342.589323505759239, -2693886.483945350162685 ] ] ] } },
{ "type": "Feature", "properties": { }, "geometry": { "type": "Polygon", "coordinates": [ [ [ 340342.589323505759239, -2105320.292668808251619 ], [ 170438.1648387927562, -2007225.927456051111221 ], [ 170438.1648387927562, -1811037.197030537063256 ], [ 340342.589323505759239, -1712942.831817779922858 ], [ 510247.013808217830956, -1811037.197030537063256 ], [ 510247.013808217830956, -2007225.927456051111221 ], [ 340342.589323505759239, -2105320.292668808251619 ] ] ] } },
{ "type": "Feature", "properties": { }, "geometry": { "type": "Polygon", "coordinates": [ [ [ 340342.589323505759239, -1516754.101392265874892 ], [ 170438.1648387927562, -1418659.736179508734494 ], [ 170438.1648387927562, -1222471.005753994453698 ], [ 340342.589323505759239, -1124376.6405412373133 ], [ 510247.013808217830956, -1222471.005753994453698 ], [ 510247.013808217830956, -1418659.736179508734494 ], [ 340342.589323505759239, -1516754.101392265874892 ] ] ] } },
{ "type": "Feature", "properties": { }, "geometry": { "type": "Polygon", "coordinates": [ [ [ 340342.589323505759239, -928187.910115723614581 ], [ 170438.1648387927562, -830093.544902966357768 ], [ 170438.1648387927562, -633904.814477452542633 ], [ 340342.589323505759239, -535810.44926469551865 ], [ 510247.013808217830956, -633904.814477452542633 ], [ 510247.013808217830956, -830093.544902966357768 ], [ 340342.589323505759239, -928187.910115723614581 ] ] ] } },
{ "type": "Feature", "properties": { }, "geometry": { "type": "Polygon", "coordinates": [ [ [ 340342.589323505759239, -339621.718839181237854 ], [ 170438.1648387927562, -241527.353626423981041 ], [ 170438.1648387927562, -45338.623200910165906 ], [ 340342.589323505759239, 52755.742011846887181 ], [ 510247.013808217830956, -45338.623200910165906 ], [ 510247.013808217830956, -241527.353626423981041 ], [ 340342.589323505759239, -339621.718839181237854 ] ] ] } },
{ "type": "Feature", "properties": { }, "geometry": { "type": "Polygon", "coordinates": [ [ [ 340342.589323505759239, 248944.472437361167977 ], [ 170438.1648387927562, 347038.837650117930025 ], [ 170438.1648387927562, 543227.568075632210821 ], [ 340342.589323505759239, 641321.933288389234804 ], [ 510247.013808217830956, 543227.568075632210821 ], [ 510247.013808217830956, 347038.837650117930025 ], [ 340342.589323505759239, 248944.472437361167977 ] ] ] } },
{ "type": "Feature", "properties": { }, "geometry": { "type": "Polygon", "coordinates": [ [ [ 340342.589323505759239, 837510.6637139035156 ], [ 170438.1648387927562, 935605.028926660772413 ], [ 170438.1648387927562, 1131793.759352175053209 ], [ 340342.589323505759239, 1229888.124564932193607 ], [ 510247.013808217830956, 1131793.759352175053209 ], [ 510247.013808217830956, 935605.028926660772413 ], [ 340342.589323505759239, 837510.6637139035156 ] ] ] } },
{ "type": "Feature", "properties": { }, "geometry": { "type": "Polygon", "coordinates": [ [ [ 340342.589323505759239, 1426076.854990445543081 ], [ 170438.1648387927562, 1524171.220203202683479 ], [ 170438.1648387927562, 1720359.950628716964275 ], [ 340342.589323505759239, 1818454.315841474104673 ], [ 510247.013808217830956, 1720359.950628716964275 ], [ 510247.013808217830956, 1524171.220203202683479 ], [ 340342.589323505759239, 1426076.854990445543081 ] ] ] } },
{ "type": "Feature", "properties": { }, "geometry": { "type": "Polygon", "coordinates": [ [ [ 340342.589323505759239, 2014643.046266988385469 ], [ 170438.1648387927562, 2112737.411479745525867 ], [ 170438.1648387927562, 2308926.14190525887534 ], [ 340342.589323505759239, 2407020.507118016015738 ], [ 510247.013808217830956, 2308926.14190525887534 ], [ 510247.013808217830956, 2112737.411479745525867 ], [ 340342.589323505759239, 2014643.046266988385469 ] ] ] } },
{ "type": "Feature", "properties": { }, "geometry": { "type": "Polygon", "coordinates": [ [ [ 340342.589323505759239, 2603209.237543530296534 ], [ 170438.1648387927562, 2701303.602756287436932 ], [ 170438.1648387927562, 2897492.333181801717728 ], [ 340342.589323505759239, 2995586.698394558858126 ], [ 510247.013808217830956, 2897492.333181801717728 ], [ 510247.013808217830956, 2701303.602756287436932 ], [ 340342.589323505759239, 2603209.237543530296534 ] ] ] } },
{ "type": "Feature", "properties": { }, "geometry": { "type": "Polygon", "coordinates": [ [ [ 340342.589323505759239, 3191775.428820073138922 ], [ 170438.1648387927562, 3289869.794032829347998 ], [ 170438.1648387927562, 3486058.524458343628794 ], [ 340342.589323505759239, 3584152.889671100769192 ], [ 510247.013808217830956, 3486058.524458343628794 ], [ 510247.013808217830956, 3289869.794032829347998 ], [ 340342.589323505759239, 3191775.428820073138922 ] ] ] } },
{ "type": "Feature", "properties": { }, "geometry": { "type": "Polygon", "coordinates": [ [ [ 340342.589323505759239, 3780341.620096615049988 ], [ 170438.1648387927562, 3878435.985309372190386 ], [ 170438.1648387927562, 4074624.715734886471182 ], [ 340342.589323505759239, 4172719.08094764361158 ], [ 510247.013808217830956, 4074624.715734886471182 ], [ 510247.013808217830956, 3878435.985309372190386 ], [ 340342.589323505759239, 3780341.620096615049988 ] ] ] } },
{ "type": "Feature", "properties": { }, "geometry": { "type": "Polygon", "coordinates": [ [ [ 510247.013808217830956, -3576735.770860163960606 ], [ 340342.589323505759239, -3478641.405647406820208 ], [ 340342.589323505759239, -3282452.675221892539412 ], [ 510247.013808217830956, -3184358.310009135864675 ], [ 680151.438292929902673, -3282452.675221892539412 ], [ 680151.438292929902673, -3478641.405647406820208 ], [ 510247.013808217830956, -3576735.770860163960606 ] ] ] } },
{ "type": "Feature", "properties": { }, "geometry": { "type": "Polygon", "coordinates": [ [ [ 510247.013808217830956, -2988169.579583621583879 ], [ 340342.589323505759239, -2890075.214370864443481 ], [ 340342.589323505759239, -2693886.483945350162685 ], [ 510247.013808217830956, -2595792.118732593487948 ], [ 680151.438292929902673, -2693886.483945350162685 ], [ 680151.438292929902673, -2890075.214370864443481 ], [ 510247.013808217830956, -2988169.579583621583879 ] ] ] } },
{ "type": "Feature", "properties": { }, "geometry": { "type": "Polygon", "coordinates": [ [ [ 510247.013808217830956, -2399603.388307079207152 ], [ 340342.589323505759239, -2301509.023094322066754 ], [ 340342.589323505759239, -2105320.292668808251619 ], [ 510247.013808217830956, -2007225.927456051111221 ], [ 680151.438292929902673, -2105320.292668808251619 ], [ 680151.438292929902673, -2301509.023094322066754 ], [ 510247.013808217830956, -2399603.388307079207152 ] ] ] } },
{ "type": "Feature", "properties": { }, "geometry": { "type": "Polygon", "coordinates": [ [ [ 510247.013808217830956, -1811037.197030537063256 ], [ 340342.589323505759239, -1712942.831817779922858 ], [ 340342.589323505759239, -1516754.101392265874892 ], [ 510247.013808217830956, -1418659.736179508734494 ], [ 680151.438292929902673, -1516754.101392265874892 ], [ 680151.438292929902673, -1712942.831817779922858 ], [ 510247.013808217830956, -1811037.197030537063256 ] ] ] } },
{ "type": "Feature", "properties": { }, "geometry": { "type": "Polygon", "coordinates": [ [ [ 510247.013808217830956, -1222471.005753994453698 ], [ 340342.589323505759239, -1124376.6405412373133 ], [ 340342.589323505759239, -928187.910115723614581 ], [ 510247.013808217830956, -830093.544902966357768 ], [ 680151.438292929902673, -928187.910115723614581 ], [ 680151.438292929902673, -1124376.6405412373133 ], [ 510247.013808217830956, -1222471.005753994453698 ] ] ] } },
{ "type": "Feature", "properties": { }, "geometry": { "type": "Polygon", "coordinates": [ [ [ 510247.013808217830956, -633904.814477452542633 ], [ 340342.589323505759239, -535810.44926469551865 ], [ 340342.589323505759239, -339621.718839181237854 ], [ 510247.013808217830956, -241527.353626423981041 ], [ 680151.438292929902673, -339621.718839181237854 ], [ 680151.438292929902673, -535810.44926469551865 ], [ 510247.013808217830956, -633904.814477452542633 ] ] ] } },
{ "type": "Feature", "properties": { }, "geometry": { "type": "Polygon", "coordinates": [ [ [ 510247.013808217830956, -45338.623200910165906 ], [ 340342.589323505759239, 52755.742011846887181 ], [ 340342.589323505759239, 248944.472437361167977 ], [ 510247.013808217830956, 347038.837650117930025 ], [ 680151.438292929902673, 248944.472437361167977 ], [ 680151.438292929902673, 52755.742011846887181 ], [ 510247.013808217830956, -45338.623200910165906 ] ] ] } },
{ "type": "Feature", "properties": { }, "geometry": { "type": "Polygon", "coordinates": [ [ [ 510247.013808217830956, 543227.568075632210821 ], [ 340342.589323505759239, 641321.933288389234804 ], [ 340342.589323505759239, 837510.6637139035156 ], [ 510247.013808217830956, 935605.028926660772413 ], [ 680151.438292929902673, 837510.6637139035156 ], [ 680151.438292929902673, 641321.933288389234804 ], [ 510247.013808217830956, 543227.568075632210821 ] ] ] } },
{ "type": "Feature", "properties": { }, "geometry": { "type": "Polygon", "coordinates": [ [ [ 510247.013808217830956, 1131793.759352175053209 ], [ 340342.589323505759239, 1229888.124564932193607 ], [ 340342.589323505759239, 1426076.854990445543081 ], [ 510247.013808217830956, 1524171.220203202683479 ], [ 680151.438292929902673, 1426076.854990445543081 ], [ 680151.438292929902673, 1229888.124564932193607 ], [ 510247.013808217830956, 1131793.759352175053209 ] ] ] } },
{ "type": "Feature", "properties": { }, "geometry": { "type": "Polygon", "coordinates": [ [ [ 510247.013808217830956, 1720359.950628716964275 ], [ 340342.589323505759239, 1818454.315841474104673 ], [ 340342.589323505759239, 2014643.046266988385469 ], [ 510247.013808217830956, 2112737.411479745525867 ], [ 680151.438292929902673, 2014643.046266988385469 ], [ 680151.438292929902673, 1818454.315841474104673 ], [ 510247.013808217830956, 1720359.950628716964275 ] ] ] } },
{ "type": "Feature", "properties": { }, "geometry": { "type": "Polygon", "coordinates": [ [ [ 510247.013808217830956, 2308926.14190525887534 ], [ 340342.589323505759239, 2407020.507118016015738 ], [ 340342.589323505759239, 2603209.237543530296534 ], [ 510247.013808217830956, 2701303.602756287436932 ], [ 680151.438292929902673, 2603209.237543530296534 ], [ 680151.438292929902673, 2407020.507118016015738 ], [ 510247.013808217830956, 2308926.14190525887534 ] ] ] } },
{ "type": "Feature", "properties": { }, "geometry": { "type": "Polygon", "coordinates": [ [ [ 510247.013808217830956, 2897492.333181801717728 ], [ 340342.589323505759239, 2995586.698394558858126 ], [ 340342.589323505759239, 3191775.428820073138922 ], [ 510247.013808217830956, 3289869.794032829347998 ], [ 680151.438292929902673, 3191775.428820073138922 ], [ 680151.438292929902673, 2995586.698394558858126 ], [ 510247.013808217830956, 2897492.333181801717728 ] ] ] } },
{ "type": "Feature", "properties": { }, "geometry": { "type": "Polygon", "coordinates": [ [ [ 510247.013808217830956, 3486058.524458343628794 ], [ 340342.589323505759239, 3584152.889671100769192 ], [ 340342.589323505759239, 3780341.620096615049988 ], [ 510247.013808217830956, 3878435.985309372190386 ], [ 680151.438292929902673, 3780341.620096615049988 ], [ 680151.438292929902673, 3584152.889671100769192 ], [ 510247.013808217830956, 3486058.524458343628794 ] ] ] } },
{ "type": "Feature", "properties": { }, "geometry": { "type": "Polygon", "coordinates": [ [ [ 680151.438292929902673, -3282452.675221892539412 ], [ 510247.013808217830956, -3184358.310009135864675 ], [ 510247.013808217830956, -2988169.579583621583879 ], [ 680151.438292929902673, -2890075.214370864443481 ], [ 850055.86277764197439, -2988169.579583621583879 ], [ 850055.86277764197439, -3184358.310009135864675 ], [ 680151.438292929902673, -3282452.675221892539412 ] ] ] } },
{ "type": "Feature", "properties": { }, "geometry": { "type": "Polygon", "coordinates": [ [ [ 680151.438292929902673, -2693886.483945350162685 ], [ 510247.013808217830956, -2595792.118732593487948 ], [ 510247.013808217830956, -2399603.388307079207152 ], [ 680151.438292929902673, -2301509.023094322066754 ], [ 850055.86277764197439, -2399603.388307079207152 ], [ 850055.86277764197439, -2595792.118732593487948 ], [ 680151.438292929902673, -2693886.483945350162685 ] ] ] } },
{ "type": "Feature", "properties": { }, "geometry": { "type": "Polygon", "coordinates": [ [ [ 680151.438292929902673, -2105320.292668808251619 ], [ 510247.013808217830956, -2007225.927456051111221 ], [ 510247.013808217830956, -1811037.197030537063256 ], [ 680151.438292929902673, -1712942.831817779922858 ], [ 850055.86277764197439, -1811037.197030537063256 ], [ 850055.86277764197439, -2007225.927456051111221 ], [ 680151.438292929902673, -2105320.292668808251619 ] ] ] } },
{ "type": "Feature", "properties": { }, "geometry": { "type": "Polygon", "coordinates": [ [ [ 680151.438292929902673, -1516754.101392265874892 ], [ 510247.013808217830956, -1418659.736179508734494 ], [ 510247.013808217830956, -1222471.005753994453698 ], [ 680151.438292929902673, -1124376.6405412373133 ], [ 850055.86277764197439, -1222471.005753994453698 ], [ 850055.86277764197439, -1418659.736179508734494 ], [ 680151.438292929902673, -1516754.101392265874892 ] ] ] } },
{ "type": "Feature", "properties": { }, "geometry": { "type": "Polygon", "coordinates": [ [ [ 680151.438292929902673, -928187.910115723614581 ], [ 510247.013808217830956, -830093.544902966357768 ], [ 510247.013808217830956, -633904.814477452542633 ], [ 680151.438292929902673, -535810.44926469551865 ], [ 850055.86277764197439, -633904.814477452542633 ], [ 850055.86277764197439, -830093.544902966357768 ], [ 680151.438292929902673, -928187.910115723614581 ] ] ] } },
{ "type": "Feature", "properties": { }, "geometry": { "type": "Polygon", "coordinates": [ [ [ 680151.438292929902673, -339621.718839181237854 ], [ 510247.013808217830956, -241527.353626423981041 ], [ 510247.013808217830956, -45338.623200910165906 ], [ 680151.438292929902673, 52755.742011846887181 ], [ 850055.86277764197439, -45338.623200910165906 ], [ 850055.86277764197439, -241527.353626423981041 ], [ 680151.438292929902673, -339621.718839181237854 ] ] ] } },
{ "type": "Feature", "properties": { }, "geometry": { "type": "Polygon", "coordinates": [ [ [ 680151.438292929902673, 248944.472437361167977 ], [ 510247.013808217830956, 347038.837650117930025 ], [ 510247.013808217830956, 543227.568075632210821 ], [ 680151.438292929902673, 641321.933288389234804 ], [ 850055.86277764197439, 543227.568075632210821 ], [ 850055.86277764197439, 347038.837650117930025 ], [ 680151.438292929902673, 248944.472437361167977 ] ] ] } },
{ "type": "Feature", "properties": { }, "geometry": { "type": "Polygon", "coordinates": [ [ [ 680151.438292929902673, 837510.6637139035156 ], [ 510247.013808217830956, 935605.028926660772413 ], [ 510247.013808217830956, 1131793.759352175053209 ], [ 680151.438292929902673, 1229888.124564932193607 ], [ 850055.86277764197439, 1131793.759352175053209 ], [ 850055.86277764197439, 935605.028926660772413 ], [ 680151.438292929902673, 837510.6637139035156 ] ] ] } },
{ "type": "Feature", "properties": { }, "geometry": { "type": "Polygon", "coordinates": [ [ [ 680151.438292929902673, 1426076.854990445543081 ], [ 510247.013808217830956, 1524171.220203202683479 ], [ 510247.013808217830956, 1720359.950628716964275 ], [ 680151.438292929902673, 1818454.315841474104673 ], [ 850055.86277764197439, 1720359.950628716964275 ], [ 850055.86277764197439, 1524171.220203202683479 ], [ 680151.438292929902673, 1426076.854990445543081 ] ] ] } },
{ "type": "Feature", "properties": { }, "geometry": { "type": "Polygon", "coordinates": [ [ [ 680151.438292929902673, 2014643.046266988385469 ], [ 510247.013808217830956, 2112737.411479745525867 ], [ 510247.013808217830956, 2308926.14190525887534 ], [ 680151.438292929902673, 2407020.507118016015738 ], [ 850055.86277764197439, 2308926.14190525887534 ], [ 850055.86277764197439, 2112737.411479745525867 ], [ 680151.438292929902673, 2014643.046266988385469 ] ] ] } },
{ "type": "Feature", "properties": { }, "geometry": { "type": "Polygon", "coordinates": [ [ [ 680151.438292929902673, 2603209.237543530296534 ], [ 510247.013808217830956, 2701303.602756287436932 ], [ 510247.013808217830956, 2897492.333181801717728 ], [ 680151.438292929902673, 2995586.698394558858126 ], [ 850055.86277764197439, 2897492.333181801717728 ], [ 850055.86277764197439, 2701303.602756287436932 ], [ 680151.438292929902673, 2603209.237543530296534 ] ] ] } },
{ "type": "Feature", "properties": { }, "geometry": { "type": "Polygon", "coordinates": [ [ [ 680151.438292929902673, 3191775.428820073138922 ], [ 510247.013808217830956, 3289869.794032829347998 ], [ 510247.013808217830956, 3486058.524458343628794 ], [ 680151.438292929902673, 3584152.889671100769192 ], [ 850055.86277764197439, 3486058.524458343628794 ], [ 850055.86277764197439, 3289869.794032829347998 ], [ 680151.438292929902673, 3191775.428820073138922 ] ] ] } },
{ "type": "Feature", "properties": { }, "geometry": { "type": "Polygon", "coordinates": [ [ [ 680151.438292929902673, 3780341.620096615049988 ], [ 510247.013808217830956, 3878435.985309372190386 ], [ 510247.013808217830956, 4074624.715734886471182 ], [ 680151.438292929902673, 4172719.08094764361158 ], [ 850055.86277764197439, 4074624.715734886471182 ], [ 850055.86277764197439, 3878435.985309372190386 ], [ 680151.438292929902673, 3780341.620096615049988 ] ] ] } },
{ "type": "Feature", "properties": { }, "geometry": { "type": "Polygon", "coordinates": [ [ [ 850055.86277764197439, -3576735.770860163960606 ], [ 680151.438292929902673, -3478641.405647406820208 ], [ 680151.438292929902673, -3282452.675221892539412 ], [ 850055.86277764197439, -3184358.310009135864675 ], [ 1019960.287262354046106, -3282452.675221892539412 ], [ 1019960.287262354046106, -3478641.405647406820208 ], [ 850055.86277764197439, -3576735.770860163960606 ] ] ] } },
{ "type": "Feature", "properties": { }, "geometry": { "type": "Polygon", "coordinates": [ [ [ 850055.86277764197439, -2988169.579583621583879 ], [ 680151.438292929902673, -2890075.214370864443481 ], [ 680151.438292929902673, -2693886.483945350162685 ], [ 850055.86277764197439, -2595792.118732593487948 ], [ 1019960.287262354046106, -2693886.483945350162685 ], [ 1019960.287262354046106, -2890075.214370864443481 ], [ 850055.86277764197439, -2988169.579583621583879 ] ] ] } },
{ "type": "Feature", "properties": { }, "geometry": { "type": "Polygon", "coordinates": [ [ [ 850055.86277764197439, -2399603.388307079207152 ], [ 680151.438292929902673, -2301509.023094322066754 ], [ 680151.438292929902673, -2105320.292668808251619 ], [ 850055.86277764197439, -2007225.927456051111221 ], [ 1019960.287262354046106, -2105320.292668808251619 ], [ 1019960.287262354046106, -2301509.023094322066754 ], [ 850055.86277764197439, -2399603.388307079207152 ] ] ] } },
{ "type": "Feature", "properties": { }, "geometry": { "type": "Polygon", "coordinates": [ [ [ 850055.86277764197439, -1811037.197030537063256 ], [ 680151.438292929902673, -1712942.831817779922858 ], [ 680151.438292929902673, -1516754.101392265874892 ], [ 850055.86277764197439, -1418659.736179508734494 ], [ 1019960.287262354046106, -1516754.101392265874892 ], [ 1019960.287262354046106, -1712942.831817779922858 ], [ 850055.86277764197439, -1811037.197030537063256 ] ] ] } },
{ "type": "Feature", "properties": { }, "geometry": { "type": "Polygon", "coordinates": [ [ [ 850055.86277764197439, -1222471.005753994453698 ], [ 680151.438292929902673, -1124376.6405412373133 ], [ 680151.438292929902673, -928187.910115723614581 ], [ 850055.86277764197439, -830093.544902966357768 ], [ 1019960.287262354046106, -928187.910115723614581 ], [ 1019960.287262354046106, -1124376.6405412373133 ], [ 850055.86277764197439, -1222471.005753994453698 ] ] ] } },
{ "type": "Feature", "properties": { }, "geometry": { "type": "Polygon", "coordinates": [ [ [ 850055.86277764197439, -633904.814477452542633 ], [ 680151.438292929902673, -535810.44926469551865 ], [ 680151.438292929902673, -339621.718839181237854 ], [ 850055.86277764197439, -241527.353626423981041 ], [ 1019960.287262354046106, -339621.718839181237854 ], [ 1019960.287262354046106, -535810.44926469551865 ], [ 850055.86277764197439, -633904.814477452542633 ] ] ] } },
{ "type": "Feature", "properties": { }, "geometry": { "type": "Polygon", "coordinates": [ [ [ 850055.86277764197439, -45338.623200910165906 ], [ 680151.438292929902673, 52755.742011846887181 ], [ 680151.438292929902673, 248944.472437361167977 ], [ 850055.86277764197439, 347038.837650117930025 ], [ 1019960.287262354046106, 248944.472437361167977 ], [ 1019960.287262354046106, 52755.742011846887181 ], [ 850055.86277764197439, -45338.623200910165906 ] ] ] } },
{ "type": "Feature", "properties": { }, "geometry": { "type": "Polygon", "coordinates": [ [ [ 850055.86277764197439, 543227.568075632210821 ], [ 680151.438292929902673, 641321.933288389234804 ], [ 680151.438292929902673, 837510.6637139035156 ], [ 850055.86277764197439, 935605.028926660772413 ], [ 1019960.287262354046106, 837510.6637139035156 ], [ 1019960.287262354046106, 641321.933288389234804 ], [ 850055.86277764197439, 543227.568075632210821 ] ] ] } },
{ "type": "Feature", "properties": { }, "geometry": { "type": "Polygon", "coordinates": [ [ [ 850055.86277764197439, 1131793.759352175053209 ], [ 680151.438292929902673, 1229888.124564932193607 ], [ 680151.438292929902673, 1426076.854990445543081 ], [ 850055.86277764197439, 1524171.220203202683479 ], [ 1019960.287262354046106, 1426076.854990445543081 ], [ 1019960.287262354046106, 1229888.124564932193607 ], [ 850055.86277764197439, 1131793.759352175053209 ] ] ] } },
{ "type": "Feature", "properties": { }, "geometry": { "type": "Polygon", "coordinates": [ [ [ 850055.86277764197439, 1720359.950628716964275 ], [ 680151.438292929902673, 1818454.315841474104673 ], [ 680151.438292929902673, 2014643.046266988385469 ], [ 850055.86277764197439, 2112737.411479745525867 ], [ 1019960.287262354046106, 2014643.046266988385469 ], [ 1019960.287262354046106, 1818454.315841474104673 ], [ 850055.86277764197439, 1720359.950628716964275 ] ] ] } },
{ "type": "Feature", "properties": { }, "geometry": { "type": "Polygon", "coordinates": [ [ [ 850055.86277764197439, 2308926.14190525887534 ], [ 680151.438292929902673, 2407020.507118016015738 ], [ 680151.438292929902673, 2603209.237543530296534 ], [ 850055.86277764197439, 2701303.602756287436932 ], [ 1019960.287262354046106, 2603209.237543530296534 ], [ 1019960.287262354046106, 2407020.507118016015738 ], [ 850055.86277764197439, 2308926.14190525887534 ] ] ] } },
{ "type": "Feature", "properties": { }, "geometry": { "type": "Polygon", "coordinates": [ [ [ 850055.86277764197439, 2897492.333181801717728 ], [ 680151.438292929902673, 2995586.698394558858126 ], [ 680151.438292929902673, 3191775.428820073138922 ], [ 850055.86277764197439, 3289869.794032829347998 ], [ 1019960.287262354046106, 3191775.428820073138922 ], [ 1019960.287262354046106, 2995586.698394558858126 ], [ 850055.86277764197439, 2897492.333181801717728 ] ] ] } },
{ "type": "Feature", "properties": { }, "geometry": { "type": "Polygon", "coordinates": [ [ [ 850055.86277764197439, 3486058.524458343628794 ], [ 680151.438292929902673, 3584152.889671100769192 ], [ 680151.438292929902673, 3780341.620096615049988 ], [ 850055.86277764197439, 3878435.985309372190386 ], [ 1019960.287262354046106, 3780341.620096615049988 ], [ 1019960.287262354046106, 3584152.889671100769192 ], [ 850055.86277764197439, 3486058.524458343628794 ] ] ] } },
{ "type": "Feature", "properties": { }, "geometry": { "type": "Polygon", "coordinates": [ [ [ 1019960.287262354046106, -3282452.675221892539412 ], [ 850055.86277764197439, -3184358.310009135864675 ], [ 850055.86277764197439, -2988169.579583621583879 ], [ 1019960.287262354046106, -2890075.214370864443481 ], [ 1189864.711747066117823, -2988169.579583621583879 ], [ 1189864.711747066117823, -3184358.310009135864675 ], [ 1019960.287262354046106, -3282452.675221892539412 ] ] ] } },
{ "type": "Feature", "properties": { }, "geometry": { "type": "Polygon", "coordinates": [ [ [ 1019960.287262354046106, -2693886.483945350162685 ], [ 850055.86277764197439, -2595792.118732593487948 ], [ 850055.86277764197439, -2399603.388307079207152 ], [ 1019960.287262354046106, -2301509.023094322066754 ], [ 1189864.711747066117823, -2399603.388307079207152 ], [ 1189864.711747066117823, -2595792.118732593487948 ], [ 1019960.287262354046106, -2693886.483945350162685 ] ] ] } },
{ "type": "Feature", "properties": { }, "geometry": { "type": "Polygon", "coordinates": [ [ [ 1019960.287262354046106, -2105320.292668808251619 ], [ 850055.86277764197439, -2007225.927456051111221 ], [ 850055.86277764197439, -1811037.197030537063256 ], [ 1019960.287262354046106, -1712942.831817779922858 ], [ 1189864.711747066117823, -1811037.197030537063256 ], [ 1189864.711747066117823, -2007225.927456051111221 ], [ 1019960.287262354046106, -2105320.292668808251619 ] ] ] } },
{ "type": "Feature", "properties": { }, "geometry": { "type": "Polygon", "coordinates": [ [ [ 1019960.287262354046106, -1516754.101392265874892 ], [ 850055.86277764197439, -1418659.736179508734494 ], [ 850055.86277764197439, -1222471.005753994453698 ], [ 1019960.287262354046106, -1124376.6405412373133 ], [ 1189864.711747066117823, -1222471.005753994453698 ], [ 1189864.711747066117823, -1418659.736179508734494 ], [ 1019960.287262354046106, -1516754.101392265874892 ] ] ] } },
{ "type": "Feature", "properties": { }, "geometry": { "type": "Polygon", "coordinates": [ [ [ 1019960.287262354046106, -928187.910115723614581 ], [ 850055.86277764197439, -830093.544902966357768 ], [ 850055.86277764197439, -633904.814477452542633 ], [ 1019960.287262354046106, -535810.44926469551865 ], [ 1189864.711747066117823, -633904.814477452542633 ], [ 1189864.711747066117823, -830093.544902966357768 ], [ 1019960.287262354046106, -928187.910115723614581 ] ] ] } },
{ "type": "Feature", "properties": { }, "geometry": { "type": "Polygon", "coordinates": [ [ [ 1019960.287262354046106, -339621.718839181237854 ], [ 850055.86277764197439, -241527.353626423981041 ], [ 850055.86277764197439, -45338.623200910165906 ], [ 1019960.287262354046106, 52755.742011846887181 ], [ 1189864.711747066117823, -45338.623200910165906 ], [ 1189864.711747066117823, -241527.353626423981041 ], [ 1019960.287262354046106, -339621.718839181237854 ] ] ] } },
{ "type": "Feature", "properties": { }, "geometry": { "type": "Polygon", "coordinates": [ [ [ 1019960.287262354046106, 248944.472437361167977 ], [ 850055.86277764197439, 347038.837650117930025 ], [ 850055.86277764197439, 543227.568075632210821 ], [ 1019960.287262354046106, 641321.933288389234804 ], [ 1189864.711747066117823, 543227.568075632210821 ], [ 1189864.711747066117823, 347038.837650117930025 ], [ 1019960.287262354046106, 248944.472437361167977 ] ] ] } },
{ "type": "Feature", "properties": { }, "geometry": { "type": "Polygon", "coordinates": [ [ [ 1019960.287262354046106, 837510.6637139035156 ], [ 850055.86277764197439, 935605.028926660772413 ], [ 850055.86277764197439, 1131793.759352175053209 ], [ 1019960.287262354046106, 1229888.124564932193607 ], [ 1189864.711747066117823, 1131793.759352175053209 ], [ 1189864.711747066117823, 935605.028926660772413 ], [ 1019960.287262354046106, 837510.6637139035156 ] ] ] } },
{ "type": "Feature", "properties": { }, "geometry": { "type": "Polygon", "coordinates": [ [ [ 1019960.287262354046106, 1426076.854990445543081 ], [ 850055.86277764197439, 1524171.220203202683479 ], [ 850055.86277764197439, 1720359.950628716964275 ], [ 1019960.287262354046106, 1818454.315841474104673 ], [ 1189864.711747066117823, 1720359.950628716964275 ], [ 1189864.711747066117823, 1524171.220203202683479 ], [ 1019960.287262354046106, 1426076.854990445543081 ] ] ] } },
{ "type": "Feature", "properties": { }, "geometry": { "type": "Polygon", "coordinates": [ [ [ 1019960.287262354046106, 2014643.046266988385469 ], [ 850055.86277764197439, 2112737.411479745525867 ], [ 850055.86277764197439, 2308926.14190525887534 ], [ 1019960.287262354046106, 2407020.507118016015738 ], [ 1189864.711747066117823, 2308926.14190525887534 ], [ 1189864.711747066117823, 2112737.411479745525867 ], [ 1019960.287262354046106, 2014643.046266988385469 ] ] ] } },
{ "type": "Feature", "properties": { }, "geometry": { "type": "Polygon", "coordinates": [ [ [ 1019960.287262354046106, 2603209.237543530296534 ], [ 850055.86277764197439, 2701303.602756287436932 ], [ 850055.86277764197439, 2897492.333181801717728 ], [ 1019960.287262354046106, 2995586.698394558858126 ], [ 1189864.711747066117823, 2897492.333181801717728 ], [ 1189864.711747066117823, 2701303.602756287436932 ], [ 1019960.287262354046106, 2603209.237543530296534 ] ] ] } },
{ "type": "Feature", "properties": { }, "geometry": { "type": "Polygon", "coordinates": [ [ [ 1019960.287262354046106, 3191775.428820073138922 ], [ 850055.86277764197439, 3289869.794032829347998 ], [ 850055.86277764197439, 3486058.524458343628794 ], [ 1019960.287262354046106, 3584152.889671100769192 ], [ 1189864.711747066117823, 3486058.524458343628794 ], [ 1189864.711747066117823, 3289869.794032829347998 ], [ 1019960.287262354046106, 3191775.428820073138922 ] ] ] } },
{ "type": "Feature", "properties": { }, "geometry": { "type": "Polygon", "coordinates": [ [ [ 1019960.287262354046106, 3780341.620096615049988 ], [ 850055.86277764197439, 3878435.985309372190386 ], [ 850055.86277764197439, 4074624.715734886471182 ], [ 1019960.287262354046106, 4172719.08094764361158 ], [ 1189864.711747066117823, 4074624.715734886471182 ], [ 1189864.711747066117823, 3878435.985309372190386 ], [ 1019960.287262354046106, 3780341.620096615049988 ] ] ] } },
{ "type": "Feature", "properties": { }, "geometry": { "type": "Polygon", "coordinates": [ [ [ 1189864.711747066117823, -3576735.770860163960606 ], [ 1019960.287262354046106, -3478641.405647406820208 ], [ 1019960.287262354046106, -3282452.675221892539412 ], [ 1189864.711747066117823, -3184358.310009135864675 ], [ 1359769.13623177818954, -3282452.675221892539412 ], [ 1359769.13623177818954, -3478641.405647406820208 ], [ 1189864.711747066117823, -3576735.770860163960606 ] ] ] } },
{ "type": "Feature", "properties": { }, "geometry": { "type": "Polygon", "coordinates": [ [ [ 1189864.711747066117823, -2988169.579583621583879 ], [ 1019960.287262354046106, -2890075.214370864443481 ], [ 1019960.287262354046106, -2693886.483945350162685 ], [ 1189864.711747066117823, -2595792.118732593487948 ], [ 1359769.13623177818954, -2693886.483945350162685 ], [ 1359769.13623177818954, -2890075.214370864443481 ], [ 1189864.711747066117823, -2988169.579583621583879 ] ] ] } },
{ "type": "Feature", "properties": { }, "geometry": { "type": "Polygon", "coordinates": [ [ [ 1189864.711747066117823, -2399603.388307079207152 ], [ 1019960.287262354046106, -2301509.023094322066754 ], [ 1019960.287262354046106, -2105320.292668808251619 ], [ 1189864.711747066117823, -2007225.927456051111221 ], [ 1359769.13623177818954, -2105320.292668808251619 ], [ 1359769.13623177818954, -2301509.023094322066754 ], [ 1189864.711747066117823, -2399603.388307079207152 ] ] ] } },
{ "type": "Feature", "properties": { }, "geometry": { "type": "Polygon", "coordinates": [ [ [ 1189864.711747066117823, -1811037.197030537063256 ], [ 1019960.287262354046106, -1712942.831817779922858 ], [ 1019960.287262354046106, -1516754.101392265874892 ], [ 1189864.711747066117823, -1418659.736179508734494 ], [ 1359769.13623177818954, -1516754.101392265874892 ], [ 1359769.13623177818954, -1712942.831817779922858 ], [ 1189864.711747066117823, -1811037.197030537063256 ] ] ] } },
{ "type": "Feature", "properties": { }, "geometry": { "type": "Polygon", "coordinates": [ [ [ 1189864.711747066117823, -1222471.005753994453698 ], [ 1019960.287262354046106, -1124376.6405412373133 ], [ 1019960.287262354046106, -928187.910115723614581 ], [ 1189864.711747066117823, -830093.544902966357768 ], [ 1359769.13623177818954, -928187.910115723614581 ], [ 1359769.13623177818954, -1124376.6405412373133 ], [ 1189864.711747066117823, -1222471.005753994453698 ] ] ] } },
{ "type": "Feature", "properties": { }, "geometry": { "type": "Polygon", "coordinates": [ [ [ 1189864.711747066117823, -633904.814477452542633 ], [ 1019960.287262354046106, -535810.44926469551865 ], [ 1019960.287262354046106, -339621.718839181237854 ], [ 1189864.711747066117823, -241527.353626423981041 ], [ 1359769.13623177818954, -339621.718839181237854 ], [ 1359769.13623177818954, -535810.44926469551865 ], [ 1189864.711747066117823, -633904.814477452542633 ] ] ] } },
{ "type": "Feature", "properties": { }, "geometry": { "type": "Polygon", "coordinates": [ [ [ 1189864.711747066117823, -45338.623200910165906 ], [ 1019960.287262354046106, 52755.742011846887181 ], [ 1019960.287262354046106, 248944.472437361167977 ], [ 1189864.711747066117823, 347038.837650117930025 ], [ 1359769.13623177818954, 248944.472437361167977 ], [ 1359769.13623177818954, 52755.742011846887181 ], [ 1189864.711747066117823, -45338.623200910165906 ] ] ] } },
{ "type": "Feature", "properties": { }, "geometry": { "type": "Polygon", "coordinates": [ [ [ 1189864.711747066117823, 543227.568075632210821 ], [ 1019960.287262354046106, 641321.933288389234804 ], [ 1019960.287262354046106, 837510.6637139035156 ], [ 1189864.711747066117823, 935605.028926660772413 ], [ 1359769.13623177818954, 837510.6637139035156 ], [ 1359769.13623177818954, 641321.933288389234804 ], [ 1189864.711747066117823, 543227.568075632210821 ] ] ] } },
{ "type": "Feature", "properties": { }, "geometry": { "type": "Polygon", "coordinates": [ [ [ 1189864.711747066117823, 1131793.759352175053209 ], [ 1019960.287262354046106, 1229888.124564932193607 ], [ 1019960.287262354046106, 1426076.854990445543081 ], [ 1189864.711747066117823, 1524171.220203202683479 ], [ 1359769.13623177818954, 1426076.854990445543081 ], [ 1359769.13623177818954, 1229888.124564932193607 ], [ 1189864.711747066117823, 1131793.759352175053209 ] ] ] } },
{ "type": "Feature", "properties": { }, "geometry": { "type": "Polygon", "coordinates": [ [ [ 1189864.711747066117823, 1720359.950628716964275 ], [ 1019960.287262354046106, 1818454.315841474104673 ], [ 1019960.287262354046106, 2014643.046266988385469 ], [ 1189864.711747066117823, 2112737.411479745525867 ], [ 1359769.13623177818954, 2014643.046266988385469 ], [ 1359769.13623177818954, 1818454.315841474104673 ], [ 1189864.711747066117823, 1720359.950628716964275 ] ] ] } },
{ "type": "Feature", "properties": { }, "geometry": { "type": "Polygon", "coordinates": [ [ [ 1189864.711747066117823, 2308926.14190525887534 ], [ 1019960.287262354046106, 2407020.507118016015738 ], [ 1019960.287262354046106, 2603209.237543530296534 ], [ 1189864.711747066117823, 2701303.602756287436932 ], [ 1359769.13623177818954, 2603209.237543530296534 ], [ 1359769.13623177818954, 2407020.507118016015738 ], [ 1189864.711747066117823, 2308926.14190525887534 ] ] ] } },
{ "type": "Feature", "properties": { }, "geometry": { "type": "Polygon", "coordinates": [ [ [ 1189864.711747066117823, 2897492.333181801717728 ], [ 1019960.287262354046106, 2995586.698394558858126 ], [ 1019960.287262354046106, 3191775.428820073138922 ], [ 1189864.711747066117823, 3289869.794032829347998 ], [ 1359769.13623177818954, 3191775.428820073138922 ], [ 1359769.13623177818954, 2995586.698394558858126 ], [ 1189864.711747066117823, 2897492.333181801717728 ] ] ] } },
{ "type": "Feature", "properties": { }, "geometry": { "type": "Polygon", "coordinates": [ [ [ 1189864.711747066117823, 3486058.524458343628794 ], [ 1019960.287262354046106, 3584152.889671100769192 ], [ 1019960.287262354046106, 3780341.620096615049988 ], [ 1189864.711747066117823, 3878435.985309372190386 ], [ 1359769.13623177818954, 3780341.620096615049988 ], [ 1359769.13623177818954, 3584152.889671100769192 ], [ 1189864.711747066117823, 3486058.524458343628794 ] ] ] } },
{ "type": "Feature", "properties": { }, "geometry": { "type": "Polygon", "coordinates": [ [ [ 1359769.13623177818954, -3282452.675221892539412 ], [ 1189864.711747066117823, -3184358.310009135864675 ], [ 1189864.711747066117823, -2988169.579583621583879 ], [ 1359769.13623177818954, -2890075.214370864443481 ], [ 1529673.560716491192579, -2988169.579583621583879 ], [ 1529673.560716491192579, -3184358.310009135864675 ], [ 1359769.13623177818954, -3282452.675221892539412 ] ] ] } },
{ "type": "Feature", "properties": { }, "geometry": { "type": "Polygon", "coordinates": [ [ [ 1359769.13623177818954, -2693886.483945350162685 ], [ 1189864.711747066117823, -2595792.118732593487948 ], [ 1189864.711747066117823, -2399603.388307079207152 ], [ 1359769.13623177818954, -2301509.023094322066754 ], [ 1529673.560716491192579, -2399603.388307079207152 ], [ 1529673.560716491192579, -2595792.118732593487948 ], [ 1359769.13623177818954, -2693886.483945350162685 ] ] ] } },
{ "type": "Feature", "properties": { }, "geometry": { "type": "Polygon", "coordinates": [ [ [ 1359769.13623177818954, -2105320.292668808251619 ], [ 1189864.711747066117823, -2007225.927456051111221 ], [ 1189864.711747066117823, -1811037.197030537063256 ], [ 1359769.13623177818954, -1712942.831817779922858 ], [ 1529673.560716491192579, -1811037.197030537063256 ], [ 1529673.560716491192579, -2007225.927456051111221 ], [ 1359769.13623177818954, -2105320.292668808251619 ] ] ] } },
{ "type": "Feature", "properties": { }, "geometry": { "type": "Polygon", "coordinates": [ [ [ 1359769.13623177818954, -1516754.101392265874892 ], [ 1189864.711747066117823, -1418659.736179508734494 ], [ 1189864.711747066117823, -1222471.005753994453698 ], [ 1359769.13623177818954, -1124376.6405412373133 ], [ 1529673.560716491192579, -1222471.005753994453698 ], [ 1529673.560716491192579, -1418659.736179508734494 ], [ 1359769.13623177818954, -1516754.101392265874892 ] ] ] } },
{ "type": "Feature", "properties": { }, "geometry": { "type": "Polygon", "coordinates": [ [ [ 1359769.13623177818954, -928187.910115723614581 ], [ 1189864.711747066117823, -830093.544902966357768 ], [ 1189864.711747066117823, -633904.814477452542633 ], [ 1359769.13623177818954, -535810.44926469551865 ], [ 1529673.560716491192579, -633904.814477452542633 ], [ 1529673.560716491192579, -830093.544902966357768 ], [ 1359769.13623177818954, -928187.910115723614581 ] ] ] } },
{ "type": "Feature", "properties": { }, "geometry": { "type": "Polygon", "coordinates": [ [ [ 1359769.13623177818954, -339621.718839181237854 ], [ 1189864.711747066117823, -241527.353626423981041 ], [ 1189864.711747066117823, -45338.623200910165906 ], [ 1359769.13623177818954, 52755.742011846887181 ], [ 1529673.560716491192579, -45338.623200910165906 ], [ 1529673.560716491192579, -241527.353626423981041 ], [ 1359769.13623177818954, -339621.718839181237854 ] ] ] } },
{ "type": "Feature", "properties": { }, "geometry": { "type": "Polygon", "coordinates": [ [ [ 1359769.13623177818954, 248944.472437361167977 ], [ 1189864.711747066117823, 347038.837650117930025 ], [ 1189864.711747066117823, 543227.568075632210821 ], [ 1359769.13623177818954, 641321.933288389234804 ], [ 1529673.560716491192579, 543227.568075632210821 ], [ 1529673.560716491192579, 347038.837650117930025 ], [ 1359769.13623177818954, 248944.472437361167977 ] ] ] } },
{ "type": "Feature", "properties": { }, "geometry": { "type": "Polygon", "coordinates": [ [ [ 1359769.13623177818954, 837510.6637139035156 ], [ 1189864.711747066117823, 935605.028926660772413 ], [ 1189864.711747066117823, 1131793.759352175053209 ], [ 1359769.13623177818954, 1229888.124564932193607 ], [ 1529673.560716491192579, 1131793.759352175053209 ], [ 1529673.560716491192579, 935605.028926660772413 ], [ 1359769.13623177818954, 837510.6637139035156 ] ] ] } },
{ "type": "Feature", "properties": { }, "geometry": { "type": "Polygon", "coordinates": [ [ [ 1359769.13623177818954, 1426076.854990445543081 ], [ 1189864.711747066117823, 1524171.220203202683479 ], [ 1189864.711747066117823, 1720359.950628716964275 ], [ 1359769.13623177818954, 1818454.315841474104673 ], [ 1529673.560716491192579, 1720359.950628716964275 ], [ 1529673.560716491192579, 1524171.220203202683479 ], [ 1359769.13623177818954, 1426076.854990445543081 ] ] ] } },
{ "type": "Feature", "properties": { }, "geometry": { "type": "Polygon", "coordinates": [ [ [ 1359769.13623177818954, 2014643.046266988385469 ], [ 1189864.711747066117823, 2112737.411479745525867 ], [ 1189864.711747066117823, 2308926.14190525887534 ], [ 1359769.13623177818954, 2407020.507118016015738 ], [ 1529673.560716491192579, 2308926.14190525887534 ], [ 1529673.560716491192579, 2112737.411479745525867 ], [ 1359769.13623177818954, 2014643.046266988385469 ] ] ] } },
{ "type": "Feature", "properties": { }, "geometry": { "type": "Polygon", "coordinates": [ [ [ 1359769.13623177818954, 2603209.237543530296534 ], [ 1189864.711747066117823, 2701303.602756287436932 ], [ 1189864.711747066117823, 2897492.333181801717728 ], [ 1359769.13623177818954, 2995586.698394558858126 ], [ 1529673.560716491192579, 2897492.333181801717728 ], [ 1529673.560716491192579, 2701303.602756287436932 ], [ 1359769.13623177818954, 2603209.237543530296534 ] ] ] } },
{ "type": "Feature", "properties": { }, "geometry": { "type": "Polygon", "coordinates": [ [ [ 1359769.13623177818954, 3191775.428820073138922 ], [ 1189864.711747066117823, 3289869.794032829347998 ], [ 1189864.711747066117823, 3486058.524458343628794 ], [ 1359769.13623177818954, 3584152.889671100769192 ], [ 1529673.560716491192579, 3486058.524458343628794 ], [ 1529673.560716491192579, 3289869.794032829347998 ], [ 1359769.13623177818954, 3191775.428820073138922 ] ] ] } },
{ "type": "Feature", "properties": { }, "geometry": { "type": "Polygon", "coordinates": [ [ [ 1359769.13623177818954, 3780341.620096615049988 ], [ 1189864.711747066117823, 3878435.985309372190386 ], [ 1189864.711747066117823, 4074624.715734886471182 ], [ 1359769.13623177818954, 4172719.08094764361158 ], [ 1529673.560716491192579, 4074624.715734886471182 ], [ 1529673.560716491192579, 3878435.985309372190386 ], [ 1359769.13623177818954, 3780341.620096615049988 ] ] ] } },
{ "type": "Feature", "properties": { }, "geometry": { "type": "Polygon", "coordinates": [ [ [ 1529673.560716491192579, -3576735.770860163960606 ], [ 1359769.13623177818954, -3478641.405647406820208 ], [ 1359769.13623177818954, -3282452.675221892539412 ], [ 1529673.560716491192579, -3184358.310009135864675 ], [ 1699577.985201203264296, -3282452.675221892539412 ], [ 1699577.985201203264296, -3478641.405647406820208 ], [ 1529673.560716491192579, -3576735.770860163960606 ] ] ] } },
{ "type": "Feature", "properties": { }, "geometry": { "type": "Polygon", "coordinates": [ [ [ 1529673.560716491192579, -2988169.579583621583879 ], [ 1359769.13623177818954, -2890075.214370864443481 ], [ 1359769.13623177818954, -2693886.483945350162685 ], [ 1529673.560716491192579, -2595792.118732593487948 ], [ 1699577.985201203264296, -2693886.483945350162685 ], [ 1699577.985201203264296, -2890075.214370864443481 ], [ 1529673.560716491192579, -2988169.579583621583879 ] ] ] } },
{ "type": "Feature", "properties": { }, "geometry": { "type": "Polygon", "coordinates": [ [ [ 1529673.560716491192579, -2399603.388307079207152 ], [ 1359769.13623177818954, -2301509.023094322066754 ], [ 1359769.13623177818954, -2105320.292668808251619 ], [ 1529673.560716491192579, -2007225.927456051111221 ], [ 1699577.985201203264296, -2105320.292668808251619 ], [ 1699577.985201203264296, -2301509.023094322066754 ], [ 1529673.560716491192579, -2399603.388307079207152 ] ] ] } },
{ "type": "Feature", "properties": { }, "geometry": { "type": "Polygon", "coordinates": [ [ [ 1529673.560716491192579, -1811037.197030537063256 ], [ 1359769.13623177818954, -1712942.831817779922858 ], [ 1359769.13623177818954, -1516754.101392265874892 ], [ 1529673.560716491192579, -1418659.736179508734494 ], [ 1699577.985201203264296, -1516754.101392265874892 ], [ 1699577.985201203264296, -1712942.831817779922858 ], [ 1529673.560716491192579, -1811037.197030537063256 ] ] ] } },
{ "type": "Feature", "properties": { }, "geometry": { "type": "Polygon", "coordinates": [ [ [ 1529673.560716491192579, -1222471.005753994453698 ], [ 1359769.13623177818954, -1124376.6405412373133 ], [ 1359769.13623177818954, -928187.910115723614581 ], [ 1529673.560716491192579, -830093.544902966357768 ], [ 1699577.985201203264296, -928187.910115723614581 ], [ 1699577.985201203264296, -1124376.6405412373133 ], [ 1529673.560716491192579, -1222471.005753994453698 ] ] ] } },
{ "type": "Feature", "properties": { }, "geometry": { "type": "Polygon", "coordinates": [ [ [ 1529673.560716491192579, -633904.814477452542633 ], [ 1359769.13623177818954, -535810.44926469551865 ], [ 1359769.13623177818954, -339621.718839181237854 ], [ 1529673.560716491192579, -241527.353626423981041 ], [ 1699577.985201203264296, -339621.718839181237854 ], [ 1699577.985201203264296, -535810.44926469551865 ], [ 1529673.560716491192579, -633904.814477452542633 ] ] ] } },
{ "type": "Feature", "properties": { }, "geometry": { "type": "Polygon", "coordinates": [ [ [ 1529673.560716491192579, -45338.623200910165906 ], [ 1359769.13623177818954, 52755.742011846887181 ], [ 1359769.13623177818954, 248944.472437361167977 ], [ 1529673.560716491192579, 347038.837650117930025 ], [ 1699577.985201203264296, 248944.472437361167977 ], [ 1699577.985201203264296, 52755.742011846887181 ], [ 1529673.560716491192579, -45338.623200910165906 ] ] ] } },
{ "type": "Feature", "properties": { }, "geometry": { "type": "Polygon", "coordinates": [ [ [ 1529673.560716491192579, 543227.568075632210821 ], [ 1359769.13623177818954, 641321.933288389234804 ], [ 1359769.13623177818954, 837510.6637139035156 ], [ 1529673.560716491192579, 935605.028926660772413 ], [ 1699577.985201203264296, 837510.6637139035156 ], [ 1699577.985201203264296, 641321.933288389234804 ], [ 1529673.560716491192579, 543227.568075632210821 ] ] ] } },
{ "type": "Feature", "properties": { }, "geometry": { "type": "Polygon", "coordinates": [ [ [ 1529673.560716491192579, 1131793.759352175053209 ], [ 1359769.13623177818954, 1229888.124564932193607 ], [ 1359769.13623177818954, 1426076.854990445543081 ], [ 1529673.560716491192579, 1524171.220203202683479 ], [ 1699577.985201203264296, 1426076.854990445543081 ], [ 1699577.985201203264296, 1229888.124564932193607 ], [ 1529673.560716491192579, 1131793.759352175053209 ] ] ] } },
{ "type": "Feature", "properties": { }, "geometry": { "type": "Polygon", "coordinates": [ [ [ 1529673.560716491192579, 1720359.950628716964275 ], [ 1359769.13623177818954, 1818454.315841474104673 ], [ 1359769.13623177818954, 2014643.046266988385469 ], [ 1529673.560716491192579, 2112737.411479745525867 ], [ 1699577.985201203264296, 2014643.046266988385469 ], [ 1699577.985201203264296, 1818454.315841474104673 ], [ 1529673.560716491192579, 1720359.950628716964275 ] ] ] } },
{ "type": "Feature", "properties": { }, "geometry": { "type": "Polygon", "coordinates": [ [ [ 1529673.560716491192579, 2308926.14190525887534 ], [ 1359769.13623177818954, 2407020.507118016015738 ], [ 1359769.13623177818954, 2603209.237543530296534 ], [ 1529673.560716491192579, 2701303.602756287436932 ], [ 1699577.985201203264296, 2603209.237543530296534 ], [ 1699577.985201203264296, 2407020.507118016015738 ], [ 1529673.560716491192579, 2308926.14190525887534 ] ] ] } },
{ "type": "Feature", "properties": { }, "geometry": { "type": "Polygon", "coordinates": [ [ [ 1529673.560716491192579, 2897492.333181801717728 ], [ 1359769.13623177818954, 2995586.698394558858126 ], [ 1359769.13623177818954, 3191775.428820073138922 ], [ 1529673.560716491192579, 3289869.794032829347998 ], [ 1699577.985201203264296, 3191775.428820073138922 ], [ 1699577.985201203264296, 2995586.698394558858126 ], [ 1529673.560716491192579, 2897492.333181801717728 ] ] ] } },
{ "type": "Feature", "properties": { }, "geometry": { "type": "Polygon", "coordinates": [ [ [ 1529673.560716491192579, 3486058.524458343628794 ], [ 1359769.13623177818954, 3584152.889671100769192 ], [ 1359769.13623177818954, 3780341.620096615049988 ], [ 1529673.560716491192579, 3878435.985309372190386 ], [ 1699577.985201203264296, 3780341.620096615049988 ], [ 1699577.985201203264296, 3584152.889671100769192 ], [ 1529673.560716491192579, 3486058.524458343628794 ] ] ] } },
{ "type": "Feature", "properties": { }, "geometry": { "type": "Polygon", "coordinates": [ [ [ 1699577.985201203264296, -3282452.675221892539412 ], [ 1529673.560716491192579, -3184358.310009135864675 ], [ 1529673.560716491192579, -2988169.579583621583879 ], [ 1699577.985201203264296, -2890075.214370864443481 ], [ 1869482.409685915336013, -2988169.579583621583879 ], [ 1869482.409685915336013, -3184358.310009135864675 ], [ 1699577.985201203264296, -3282452.675221892539412 ] ] ] } },
{ "type": "Feature", "properties": { }, "geometry": { "type": "Polygon", "coordinates": [ [ [ 1699577.985201203264296, -2693886.483945350162685 ], [ 1529673.560716491192579, -2595792.118732593487948 ], [ 1529673.560716491192579, -2399603.388307079207152 ], [ 1699577.985201203264296, -2301509.023094322066754 ], [ 1869482.409685915336013, -2399603.388307079207152 ], [ 1869482.409685915336013, -2595792.118732593487948 ], [ 1699577.985201203264296, -2693886.483945350162685 ] ] ] } },
{ "type": "Feature", "properties": { }, "geometry": { "type": "Polygon", "coordinates": [ [ [ 1699577.985201203264296, -2105320.292668808251619 ], [ 1529673.560716491192579, -2007225.927456051111221 ], [ 1529673.560716491192579, -1811037.197030537063256 ], [ 1699577.985201203264296, -1712942.831817779922858 ], [ 1869482.409685915336013, -1811037.197030537063256 ], [ 1869482.409685915336013, -2007225.927456051111221 ], [ 1699577.985201203264296, -2105320.292668808251619 ] ] ] } },
{ "type": "Feature", "properties": { }, "geometry": { "type": "Polygon", "coordinates": [ [ [ 1699577.985201203264296, -1516754.101392265874892 ], [ 1529673.560716491192579, -1418659.736179508734494 ], [ 1529673.560716491192579, -1222471.005753994453698 ], [ 1699577.985201203264296, -1124376.6405412373133 ], [ 1869482.409685915336013, -1222471.005753994453698 ], [ 1869482.409685915336013, -1418659.736179508734494 ], [ 1699577.985201203264296, -1516754.101392265874892 ] ] ] } },
{ "type": "Feature", "properties": { }, "geometry": { "type": "Polygon", "coordinates": [ [ [ 1699577.985201203264296, -928187.910115723614581 ], [ 1529673.560716491192579, -830093.544902966357768 ], [ 1529673.560716491192579, -633904.814477452542633 ], [ 1699577.985201203264296, -535810.44926469551865 ], [ 1869482.409685915336013, -633904.814477452542633 ], [ 1869482.409685915336013, -830093.544902966357768 ], [ 1699577.985201203264296, -928187.910115723614581 ] ] ] } },
{ "type": "Feature", "properties": { }, "geometry": { "type": "Polygon", "coordinates": [ [ [ 1699577.985201203264296, -339621.718839181237854 ], [ 1529673.560716491192579, -241527.353626423981041 ], [ 1529673.560716491192579, -45338.623200910165906 ], [ 1699577.985201203264296, 52755.742011846887181 ], [ 1869482.409685915336013, -45338.623200910165906 ], [ 1869482.409685915336013, -241527.353626423981041 ], [ 1699577.985201203264296, -339621.718839181237854 ] ] ] } },
{ "type": "Feature", "properties": { }, "geometry": { "type": "Polygon", "coordinates": [ [ [ 1699577.985201203264296, 248944.472437361167977 ], [ 1529673.560716491192579, 347038.837650117930025 ], [ 1529673.560716491192579, 543227.568075632210821 ], [ 1699577.985201203264296, 641321.933288389234804 ], [ 1869482.409685915336013, 543227.568075632210821 ], [ 1869482.409685915336013, 347038.837650117930025 ], [ 1699577.985201203264296, 248944.472437361167977 ] ] ] } },
{ "type": "Feature", "properties": { }, "geometry": { "type": "Polygon", "coordinates": [ [ [ 1699577.985201203264296, 837510.6637139035156 ], [ 1529673.560716491192579, 935605.028926660772413 ], [ 1529673.560716491192579, 1131793.759352175053209 ], [ 1699577.985201203264296, 1229888.124564932193607 ], [ 1869482.409685915336013, 1131793.759352175053209 ], [ 1869482.409685915336013, 935605.028926660772413 ], [ 1699577.985201203264296, 837510.6637139035156 ] ] ] } },
{ "type": "Feature", "properties": { }, "geometry": { "type": "Polygon", "coordinates": [ [ [ 1699577.985201203264296, 1426076.854990445543081 ], [ 1529673.560716491192579, 1524171.220203202683479 ], [ 1529673.560716491192579, 1720359.950628716964275 ], [ 1699577.985201203264296, 1818454.315841474104673 ], [ 1869482.409685915336013, 1720359.950628716964275 ], [ 1869482.409685915336013, 1524171.220203202683479 ], [ 1699577.985201203264296, 1426076.854990445543081 ] ] ] } },
{ "type": "Feature", "properties": { }, "geometry": { "type": "Polygon", "coordinates": [ [ [ 1699577.985201203264296, 2014643.046266988385469 ], [ 1529673.560716491192579, 2112737.411479745525867 ], [ 1529673.560716491192579, 2308926.14190525887534 ], [ 1699577.985201203264296, 2407020.507118016015738 ], [ 1869482.409685915336013, 2308926.14190525887534 ], [ 1869482.409685915336013, 2112737.411479745525867 ], [ 1699577.985201203264296, 2014643.046266988385469 ] ] ] } },
{ "type": "Feature", "properties": { }, "geometry": { "type": "Polygon", "coordinates": [ [ [ 1699577.985201203264296, 2603209.237543530296534 ], [ 1529673.560716491192579, 2701303.602756287436932 ], [ 1529673.560716491192579, 2897492.333181801717728 ], [ 1699577.985201203264296, 2995586.698394558858126 ], [ 1869482.409685915336013, 2897492.333181801717728 ], [ 1869482.409685915336013, 2701303.602756287436932 ], [ 1699577.985201203264296, 2603209.237543530296534 ] ] ] } },
{ "type": "Feature", "properties": { }, "geometry": { "type": "Polygon", "coordinates": [ [ [ 1699577.985201203264296, 3191775.428820073138922 ], [ 1529673.560716491192579, 3289869.794032829347998 ], [ 1529673.560716491192579, 3486058.524458343628794 ], [ 1699577.985201203264296, 3584152.889671100769192 ], [ 1869482.409685915336013, 3486058.524458343628794 ], [ 1869482.409685915336013, 3289869.794032829347998 ], [ 1699577.985201203264296, 3191775.428820073138922 ] ] ] } },
{ "type": "Feature", "properties": { }, "geometry": { "type": "Polygon", "coordinates": [ [ [ 1699577.985201203264296, 3780341.620096615049988 ], [ 1529673.560716491192579, 3878435.985309372190386 ], [ 1529673.560716491192579, 4074624.715734886471182 ], [ 1699577.985201203264296, 4172719.08094764361158 ], [ 1869482.409685915336013, 4074624.715734886471182 ], [ 1869482.409685915336013, 3878435.985309372190386 ], [ 1699577.985201203264296, 3780341.620096615049988 ] ] ] } },
{ "type": "Feature", "properties": { }, "geometry": { "type": "Polygon", "coordinates": [ [ [ 1869482.409685915336013, -3576735.770860163960606 ], [ 1699577.985201203264296, -3478641.405647406820208 ], [ 1699577.985201203264296, -3282452.675221892539412 ], [ 1869482.409685915336013, -3184358.310009135864675 ], [ 2039386.83417062740773, -3282452.675221892539412 ], [ 2039386.83417062740773, -3478641.405647406820208 ], [ 1869482.409685915336013, -3576735.770860163960606 ] ] ] } },
{ "type": "Feature", "properties": { }, "geometry": { "type": "Polygon", "coordinates": [ [ [ 1869482.409685915336013, -2988169.579583621583879 ], [ 1699577.985201203264296, -2890075.214370864443481 ], [ 1699577.985201203264296, -2693886.483945350162685 ], [ 1869482.409685915336013, -2595792.118732593487948 ], [ 2039386.83417062740773, -2693886.483945350162685 ], [ 2039386.83417062740773, -2890075.214370864443481 ], [ 1869482.409685915336013, -2988169.579583621583879 ] ] ] } },
{ "type": "Feature", "properties": { }, "geometry": { "type": "Polygon", "coordinates": [ [ [ 1869482.409685915336013, -2399603.388307079207152 ], [ 1699577.985201203264296, -2301509.023094322066754 ], [ 1699577.985201203264296, -2105320.292668808251619 ], [ 1869482.409685915336013, -2007225.927456051111221 ], [ 2039386.83417062740773, -2105320.292668808251619 ], [ 2039386.83417062740773, -2301509.023094322066754 ], [ 1869482.409685915336013, -2399603.388307079207152 ] ] ] } },
{ "type": "Feature", "properties": { }, "geometry": { "type": "Polygon", "coordinates": [ [ [ 1869482.409685915336013, -1811037.197030537063256 ], [ 1699577.985201203264296, -1712942.831817779922858 ], [ 1699577.985201203264296, -1516754.101392265874892 ], [ 1869482.409685915336013, -1418659.736179508734494 ], [ 2039386.83417062740773, -1516754.101392265874892 ], [ 2039386.83417062740773, -1712942.831817779922858 ], [ 1869482.409685915336013, -1811037.197030537063256 ] ] ] } },
{ "type": "Feature", "properties": { }, "geometry": { "type": "Polygon", "coordinates": [ [ [ 1869482.409685915336013, -1222471.005753994453698 ], [ 1699577.985201203264296, -1124376.6405412373133 ], [ 1699577.985201203264296, -928187.910115723614581 ], [ 1869482.409685915336013, -830093.544902966357768 ], [ 2039386.83417062740773, -928187.910115723614581 ], [ 2039386.83417062740773, -1124376.6405412373133 ], [ 1869482.409685915336013, -1222471.005753994453698 ] ] ] } },
{ "type": "Feature", "properties": { }, "geometry": { "type": "Polygon", "coordinates": [ [ [ 1869482.409685915336013, -633904.814477452542633 ], [ 1699577.985201203264296, -535810.44926469551865 ], [ 1699577.985201203264296, -339621.718839181237854 ], [ 1869482.409685915336013, -241527.353626423981041 ], [ 2039386.83417062740773, -339621.718839181237854 ], [ 2039386.83417062740773, -535810.44926469551865 ], [ 1869482.409685915336013, -633904.814477452542633 ] ] ] } },
{ "type": "Feature", "properties": { }, "geometry": { "type": "Polygon", "coordinates": [ [ [ 1869482.409685915336013, -45338.623200910165906 ], [ 1699577.985201203264296, 52755.742011846887181 ], [ 1699577.985201203264296, 248944.472437361167977 ], [ 1869482.409685915336013, 347038.837650117930025 ], [ 2039386.83417062740773, 248944.472437361167977 ], [ 2039386.83417062740773, 52755.742011846887181 ], [ 1869482.409685915336013, -45338.623200910165906 ] ] ] } },
{ "type": "Feature", "properties": { }, "geometry": { "type": "Polygon", "coordinates": [ [ [ 1869482.409685915336013, 543227.568075632210821 ], [ 1699577.985201203264296, 641321.933288389234804 ], [ 1699577.985201203264296, 837510.6637139035156 ], [ 1869482.409685915336013, 935605.028926660772413 ], [ 2039386.83417062740773, 837510.6637139035156 ], [ 2039386.83417062740773, 641321.933288389234804 ], [ 1869482.409685915336013, 543227.568075632210821 ] ] ] } },
{ "type": "Feature", "properties": { }, "geometry": { "type": "Polygon", "coordinates": [ [ [ 1869482.409685915336013, 1131793.759352175053209 ], [ 1699577.985201203264296, 1229888.124564932193607 ], [ 1699577.985201203264296, 1426076.854990445543081 ], [ 1869482.409685915336013, 1524171.220203202683479 ], [ 2039386.83417062740773, 1426076.854990445543081 ], [ 2039386.83417062740773, 1229888.124564932193607 ], [ 1869482.409685915336013, 1131793.759352175053209 ] ] ] } },
{ "type": "Feature", "properties": { }, "geometry": { "type": "Polygon", "coordinates": [ [ [ 1869482.409685915336013, 1720359.950628716964275 ], [ 1699577.985201203264296, 1818454.315841474104673 ], [ 1699577.985201203264296, 2014643.046266988385469 ], [ 1869482.409685915336013, 2112737.411479745525867 ], [ 2039386.83417062740773, 2014643.046266988385469 ], [ 2039386.83417062740773, 1818454.315841474104673 ], [ 1869482.409685915336013, 1720359.950628716964275 ] ] ] } },
{ "type": "Feature", "properties": { }, "geometry": { "type": "Polygon", "coordinates": [ [ [ 1869482.409685915336013, 2308926.14190525887534 ], [ 1699577.985201203264296, 2407020.507118016015738 ], [ 1699577.985201203264296, 2603209.237543530296534 ], [ 1869482.409685915336013, 2701303.602756287436932 ], [ 2039386.83417062740773, 2603209.237543530296534 ], [ 2039386.83417062740773, 2407020.507118016015738 ], [ 1869482.409685915336013, 2308926.14190525887534 ] ] ] } },
{ "type": "Feature", "properties": { }, "geometry": { "type": "Polygon", "coordinates": [ [ [ 1869482.409685915336013, 2897492.333181801717728 ], [ 1699577.985201203264296, 2995586.698394558858126 ], [ 1699577.985201203264296, 3191775.428820073138922 ], [ 1869482.409685915336013, 3289869.794032829347998 ], [ 2039386.83417062740773, 3191775.428820073138922 ], [ 2039386.83417062740773, 2995586.698394558858126 ], [ 1869482.409685915336013, 2897492.333181801717728 ] ] ] } },
{ "type": "Feature", "properties": { }, "geometry": { "type": "Polygon", "coordinates": [ [ [ 1869482.409685915336013, 3486058.524458343628794 ], [ 1699577.985201203264296, 3584152.889671100769192 ], [ 1699577.985201203264296, 3780341.620096615049988 ], [ 1869482.409685915336013, 3878435.985309372190386 ], [ 2039386.83417062740773, 3780341.620096615049988 ], [ 2039386.83417062740773, 3584152.889671100769192 ], [ 1869482.409685915336013, 3486058.524458343628794 ] ] ] } },
{ "type": "Feature", "properties": { }, "geometry": { "type": "Polygon", "coordinates": [ [ [ 2039386.83417062740773, -3282452.675221892539412 ], [ 1869482.409685915336013, -3184358.310009135864675 ], [ 1869482.409685915336013, -2988169.579583621583879 ], [ 2039386.83417062740773, -2890075.214370864443481 ], [ 2209291.258655339479446, -2988169.579583621583879 ], [ 2209291.258655339479446, -3184358.310009135864675 ], [ 2039386.83417062740773, -3282452.675221892539412 ] ] ] } },
{ "type": "Feature", "properties": { }, "geometry": { "type": "Polygon", "coordinates": [ [ [ 2039386.83417062740773, -2693886.483945350162685 ], [ 1869482.409685915336013, -2595792.118732593487948 ], [ 1869482.409685915336013, -2399603.388307079207152 ], [ 2039386.83417062740773, -2301509.023094322066754 ], [ 2209291.258655339479446, -2399603.388307079207152 ], [ 2209291.258655339479446, -2595792.118732593487948 ], [ 2039386.83417062740773, -2693886.483945350162685 ] ] ] } },
{ "type": "Feature", "properties": { }, "geometry": { "type": "Polygon", "coordinates": [ [ [ 2039386.83417062740773, -2105320.292668808251619 ], [ 1869482.409685915336013, -2007225.927456051111221 ], [ 1869482.409685915336013, -1811037.197030537063256 ], [ 2039386.83417062740773, -1712942.831817779922858 ], [ 2209291.258655339479446, -1811037.197030537063256 ], [ 2209291.258655339479446, -2007225.927456051111221 ], [ 2039386.83417062740773, -2105320.292668808251619 ] ] ] } },
{ "type": "Feature", "properties": { }, "geometry": { "type": "Polygon", "coordinates": [ [ [ 2039386.83417062740773, -1516754.101392265874892 ], [ 1869482.409685915336013, -1418659.736179508734494 ], [ 1869482.409685915336013, -1222471.005753994453698 ], [ 2039386.83417062740773, -1124376.6405412373133 ], [ 2209291.258655339479446, -1222471.005753994453698 ], [ 2209291.258655339479446, -1418659.736179508734494 ], [ 2039386.83417062740773, -1516754.101392265874892 ] ] ] } },
{ "type": "Feature", "properties": { }, "geometry": { "type": "Polygon", "coordinates": [ [ [ 2039386.83417062740773, -928187.910115723614581 ], [ 1869482.409685915336013, -830093.544902966357768 ], [ 1869482.409685915336013, -633904.814477452542633 ], [ 2039386.83417062740773, -535810.44926469551865 ], [ 2209291.258655339479446, -633904.814477452542633 ], [ 2209291.258655339479446, -830093.544902966357768 ], [ 2039386.83417062740773, -928187.910115723614581 ] ] ] } },
{ "type": "Feature", "properties": { }, "geometry": { "type": "Polygon", "coordinates": [ [ [ 2039386.83417062740773, -339621.718839181237854 ], [ 1869482.409685915336013, -241527.353626423981041 ], [ 1869482.409685915336013, -45338.623200910165906 ], [ 2039386.83417062740773, 52755.742011846887181 ], [ 2209291.258655339479446, -45338.623200910165906 ], [ 2209291.258655339479446, -241527.353626423981041 ], [ 2039386.83417062740773, -339621.718839181237854 ] ] ] } },
{ "type": "Feature", "properties": { }, "geometry": { "type": "Polygon", "coordinates": [ [ [ 2039386.83417062740773, 248944.472437361167977 ], [ 1869482.409685915336013, 347038.837650117930025 ], [ 1869482.409685915336013, 543227.568075632210821 ], [ 2039386.83417062740773, 641321.933288389234804 ], [ 2209291.258655339479446, 543227.568075632210821 ], [ 2209291.258655339479446, 347038.837650117930025 ], [ 2039386.83417062740773, 248944.472437361167977 ] ] ] } },
{ "type": "Feature", "properties": { }, "geometry": { "type": "Polygon", "coordinates": [ [ [ 2039386.83417062740773, 837510.6637139035156 ], [ 1869482.409685915336013, 935605.028926660772413 ], [ 1869482.409685915336013, 1131793.759352175053209 ], [ 2039386.83417062740773, 1229888.124564932193607 ], [ 2209291.258655339479446, 1131793.759352175053209 ], [ 2209291.258655339479446, 935605.028926660772413 ], [ 2039386.83417062740773, 837510.6637139035156 ] ] ] } },
{ "type": "Feature", "properties": { }, "geometry": { "type": "Polygon", "coordinates": [ [ [ 2039386.83417062740773, 1426076.854990445543081 ], [ 1869482.409685915336013, 1524171.220203202683479 ], [ 1869482.409685915336013, 1720359.950628716964275 ], [ 2039386.83417062740773, 1818454.315841474104673 ], [ 2209291.258655339479446, 1720359.950628716964275 ], [ 2209291.258655339479446, 1524171.220203202683479 ], [ 2039386.83417062740773, 1426076.854990445543081 ] ] ] } },
{ "type": "Feature", "properties": { }, "geometry": { "type": "Polygon", "coordinates": [ [ [ 2039386.83417062740773, 2014643.046266988385469 ], [ 1869482.409685915336013, 2112737.411479745525867 ], [ 1869482.409685915336013, 2308926.14190525887534 ], [ 2039386.83417062740773, 2407020.507118016015738 ], [ 2209291.258655339479446, 2308926.14190525887534 ], [ 2209291.258655339479446, 2112737.411479745525867 ], [ 2039386.83417062740773, 2014643.046266988385469 ] ] ] } },
{ "type": "Feature", "properties": { }, "geometry": { "type": "Polygon", "coordinates": [ [ [ 2039386.83417062740773, 2603209.237543530296534 ], [ 1869482.409685915336013, 2701303.602756287436932 ], [ 1869482.409685915336013, 2897492.333181801717728 ], [ 2039386.83417062740773, 2995586.698394558858126 ], [ 2209291.258655339479446, 2897492.333181801717728 ], [ 2209291.258655339479446, 2701303.602756287436932 ], [ 2039386.83417062740773, 2603209.237543530296534 ] ] ] } },
{ "type": "Feature", "properties": { }, "geometry": { "type": "Polygon", "coordinates": [ [ [ 2039386.83417062740773, 3191775.428820073138922 ], [ 1869482.409685915336013, 3289869.794032829347998 ], [ 1869482.409685915336013, 3486058.524458343628794 ], [ 2039386.83417062740773, 3584152.889671100769192 ], [ 2209291.258655339479446, 3486058.524458343628794 ], [ 2209291.258655339479446, 3289869.794032829347998 ], [ 2039386.83417062740773, 3191775.428820073138922 ] ] ] } },
{ "type": "Feature", "properties": { }, "geometry": { "type": "Polygon", "coordinates": [ [ [ 2039386.83417062740773, 3780341.620096615049988 ], [ 1869482.409685915336013, 3878435.985309372190386 ], [ 1869482.409685915336013, 4074624.715734886471182 ], [ 2039386.83417062740773, 4172719.08094764361158 ], [ 2209291.258655339479446, 4074624.715734886471182 ], [ 2209291.258655339479446, 3878435.985309372190386 ], [ 2039386.83417062740773, 3780341.620096615049988 ] ] ] } },
{ "type": "Feature", "properties": { }, "geometry": { "type": "Polygon", "coordinates": [ [ [ 2209291.258655339479446, -3576735.770860163960606 ], [ 2039386.83417062740773, -3478641.405647406820208 ], [ 2039386.83417062740773, -3282452.675221892539412 ], [ 2209291.258655339479446, -3184358.310009135864675 ], [ 2379195.683140051551163, -3282452.675221892539412 ], [ 2379195.683140051551163, -3478641.405647406820208 ], [ 2209291.258655339479446, -3576735.770860163960606 ] ] ] } },
{ "type": "Feature", "properties": { }, "geometry": { "type": "Polygon", "coordinates": [ [ [ 2209291.258655339479446, -2988169.579583621583879 ], [ 2039386.83417062740773, -2890075.214370864443481 ], [ 2039386.83417062740773, -2693886.483945350162685 ], [ 2209291.258655339479446, -2595792.118732593487948 ], [ 2379195.683140051551163, -2693886.483945350162685 ], [ 2379195.683140051551163, -2890075.214370864443481 ], [ 2209291.258655339479446, -2988169.579583621583879 ] ] ] } },
{ "type": "Feature", "properties": { }, "geometry": { "type": "Polygon", "coordinates": [ [ [ 2209291.258655339479446, -2399603.388307079207152 ], [ 2039386.83417062740773, -2301509.023094322066754 ], [ 2039386.83417062740773, -2105320.292668808251619 ], [ 2209291.258655339479446, -2007225.927456051111221 ], [ 2379195.683140051551163, -2105320.292668808251619 ], [ 2379195.683140051551163, -2301509.023094322066754 ], [ 2209291.258655339479446, -2399603.388307079207152 ] ] ] } },
{ "type": "Feature", "properties": { }, "geometry": { "type": "Polygon", "coordinates": [ [ [ 2209291.258655339479446, -1811037.197030537063256 ], [ 2039386.83417062740773, -1712942.831817779922858 ], [ 2039386.83417062740773, -1516754.101392265874892 ], [ 2209291.258655339479446, -1418659.736179508734494 ], [ 2379195.683140051551163, -1516754.101392265874892 ], [ 2379195.683140051551163, -1712942.831817779922858 ], [ 2209291.258655339479446, -1811037.197030537063256 ] ] ] } },
{ "type": "Feature", "properties": { }, "geometry": { "type": "Polygon", "coordinates": [ [ [ 2209291.258655339479446, -1222471.005753994453698 ], [ 2039386.83417062740773, -1124376.6405412373133 ], [ 2039386.83417062740773, -928187.910115723614581 ], [ 2209291.258655339479446, -830093.544902966357768 ], [ 2379195.683140051551163, -928187.910115723614581 ], [ 2379195.683140051551163, -1124376.6405412373133 ], [ 2209291.258655339479446, -1222471.005753994453698 ] ] ] } },
{ "type": "Feature", "properties": { }, "geometry": { "type": "Polygon", "coordinates": [ [ [ 2209291.258655339479446, -633904.814477452542633 ], [ 2039386.83417062740773, -535810.44926469551865 ], [ 2039386.83417062740773, -339621.718839181237854 ], [ 2209291.258655339479446, -241527.353626423981041 ], [ 2379195.683140051551163, -339621.718839181237854 ], [ 2379195.683140051551163, -535810.44926469551865 ], [ 2209291.258655339479446, -633904.814477452542633 ] ] ] } },
{ "type": "Feature", "properties": { }, "geometry": { "type": "Polygon", "coordinates": [ [ [ 2209291.258655339479446, -45338.623200910165906 ], [ 2039386.83417062740773, 52755.742011846887181 ], [ 2039386.83417062740773, 248944.472437361167977 ], [ 2209291.258655339479446, 347038.837650117930025 ], [ 2379195.683140051551163, 248944.472437361167977 ], [ 2379195.683140051551163, 52755.742011846887181 ], [ 2209291.258655339479446, -45338.623200910165906 ] ] ] } },
{ "type": "Feature", "properties": { }, "geometry": { "type": "Polygon", "coordinates": [ [ [ 2209291.258655339479446, 543227.568075632210821 ], [ 2039386.83417062740773, 641321.933288389234804 ], [ 2039386.83417062740773, 837510.6637139035156 ], [ 2209291.258655339479446, 935605.028926660772413 ], [ 2379195.683140051551163, 837510.6637139035156 ], [ 2379195.683140051551163, 641321.933288389234804 ], [ 2209291.258655339479446, 543227.568075632210821 ] ] ] } },
{ "type": "Feature", "properties": { }, "geometry": { "type": "Polygon", "coordinates": [ [ [ 2209291.258655339479446, 1131793.759352175053209 ], [ 2039386.83417062740773, 1229888.124564932193607 ], [ 2039386.83417062740773, 1426076.854990445543081 ], [ 2209291.258655339479446, 1524171.220203202683479 ], [ 2379195.683140051551163, 1426076.854990445543081 ], [ 2379195.683140051551163, 1229888.124564932193607 ], [ 2209291.258655339479446, 1131793.759352175053209 ] ] ] } },
{ "type": "Feature", "properties": { }, "geometry": { "type": "Polygon", "coordinates": [ [ [ 2209291.258655339479446, 1720359.950628716964275 ], [ 2039386.83417062740773, 1818454.315841474104673 ], [ 2039386.83417062740773, 2014643.046266988385469 ], [ 2209291.258655339479446, 2112737.411479745525867 ], [ 2379195.683140051551163, 2014643.046266988385469 ], [ 2379195.683140051551163, 1818454.315841474104673 ], [ 2209291.258655339479446, 1720359.950628716964275 ] ] ] } },
{ "type": "Feature", "properties": { }, "geometry": { "type": "Polygon", "coordinates": [ [ [ 2209291.258655339479446, 2308926.14190525887534 ], [ 2039386.83417062740773, 2407020.507118016015738 ], [ 2039386.83417062740773, 2603209.237543530296534 ], [ 2209291.258655339479446, 2701303.602756287436932 ], [ 2379195.683140051551163, 2603209.237543530296534 ], [ 2379195.683140051551163, 2407020.507118016015738 ], [ 2209291.258655339479446, 2308926.14190525887534 ] ] ] } },
{ "type": "Feature", "properties": { }, "geometry": { "type": "Polygon", "coordinates": [ [ [ 2209291.258655339479446, 2897492.333181801717728 ], [ 2039386.83417062740773, 2995586.698394558858126 ], [ 2039386.83417062740773, 3191775.428820073138922 ], [ 2209291.258655339479446, 3289869.794032829347998 ], [ 2379195.683140051551163, 3191775.428820073138922 ], [ 2379195.683140051551163, 2995586.698394558858126 ], [ 2209291.258655339479446, 2897492.333181801717728 ] ] ] } },
{ "type": "Feature", "properties": { }, "geometry": { "type": "Polygon", "coordinates": [ [ [ 2209291.258655339479446, 3486058.524458343628794 ], [ 2039386.83417062740773, 3584152.889671100769192 ], [ 2039386.83417062740773, 3780341.620096615049988 ], [ 2209291.258655339479446, 3878435.985309372190386 ], [ 2379195.683140051551163, 3780341.620096615049988 ], [ 2379195.683140051551163, 3584152.889671100769192 ], [ 2209291.258655339479446, 3486058.524458343628794 ] ] ] } },
{ "type": "Feature", "properties": { }, "geometry": { "type": "Polygon", "coordinates": [ [ [ 2379195.683140051551163, -3282452.675221892539412 ], [ 2209291.258655339479446, -3184358.310009135864675 ], [ 2209291.258655339479446, -2988169.579583621583879 ], [ 2379195.683140051551163, -2890075.214370864443481 ], [ 2549100.107624764554203, -2988169.579583621583879 ], [ 2549100.107624764554203, -3184358.310009135864675 ], [ 2379195.683140051551163, -3282452.675221892539412 ] ] ] } },
{ "type": "Feature", "properties": { }, "geometry": { "type": "Polygon", "coordinates": [ [ [ 2379195.683140051551163, -2693886.483945350162685 ], [ 2209291.258655339479446, -2595792.118732593487948 ], [ 2209291.258655339479446, -2399603.388307079207152 ], [ 2379195.683140051551163, -2301509.023094322066754 ], [ 2549100.107624764554203, -2399603.388307079207152 ], [ 2549100.107624764554203, -2595792.118732593487948 ], [ 2379195.683140051551163, -2693886.483945350162685 ] ] ] } },
{ "type": "Feature", "properties": { }, "geometry": { "type": "Polygon", "coordinates": [ [ [ 2379195.683140051551163, -2105320.292668808251619 ], [ 2209291.258655339479446, -2007225.927456051111221 ], [ 2209291.258655339479446, -1811037.197030537063256 ], [ 2379195.683140051551163, -1712942.831817779922858 ], [ 2549100.107624764554203, -1811037.197030537063256 ], [ 2549100.107624764554203, -2007225.927456051111221 ], [ 2379195.683140051551163, -2105320.292668808251619 ] ] ] } },
{ "type": "Feature", "properties": { }, "geometry": { "type": "Polygon", "coordinates": [ [ [ 2379195.683140051551163, -1516754.101392265874892 ], [ 2209291.258655339479446, -1418659.736179508734494 ], [ 2209291.258655339479446, -1222471.005753994453698 ], [ 2379195.683140051551163, -1124376.6405412373133 ], [ 2549100.107624764554203, -1222471.005753994453698 ], [ 2549100.107624764554203, -1418659.736179508734494 ], [ 2379195.683140051551163, -1516754.101392265874892 ] ] ] } },
{ "type": "Feature", "properties": { }, "geometry": { "type": "Polygon", "coordinates": [ [ [ 2379195.683140051551163, -928187.910115723614581 ], [ 2209291.258655339479446, -830093.544902966357768 ], [ 2209291.258655339479446, -633904.814477452542633 ], [ 2379195.683140051551163, -535810.44926469551865 ], [ 2549100.107624764554203, -633904.814477452542633 ], [ 2549100.107624764554203, -830093.544902966357768 ], [ 2379195.683140051551163, -928187.910115723614581 ] ] ] } },
{ "type": "Feature", "properties": { }, "geometry": { "type": "Polygon", "coordinates": [ [ [ 2379195.683140051551163, -339621.718839181237854 ], [ 2209291.258655339479446, -241527.353626423981041 ], [ 2209291.258655339479446, -45338.623200910165906 ], [ 2379195.683140051551163, 52755.742011846887181 ], [ 2549100.107624764554203, -45338.623200910165906 ], [ 2549100.107624764554203, -241527.353626423981041 ], [ 2379195.683140051551163, -339621.718839181237854 ] ] ] } },
{ "type": "Feature", "properties": { }, "geometry": { "type": "Polygon", "coordinates": [ [ [ 2379195.683140051551163, 248944.472437361167977 ], [ 2209291.258655339479446, 347038.837650117930025 ], [ 2209291.258655339479446, 543227.568075632210821 ], [ 2379195.683140051551163, 641321.933288389234804 ], [ 2549100.107624764554203, 543227.568075632210821 ], [ 2549100.107624764554203, 347038.837650117930025 ], [ 2379195.683140051551163, 248944.472437361167977 ] ] ] } },
{ "type": "Feature", "properties": { }, "geometry": { "type": "Polygon", "coordinates": [ [ [ 2379195.683140051551163, 837510.6637139035156 ], [ 2209291.258655339479446, 935605.028926660772413 ], [ 2209291.258655339479446, 1131793.759352175053209 ], [ 2379195.683140051551163, 1229888.124564932193607 ], [ 2549100.107624764554203, 1131793.759352175053209 ], [ 2549100.107624764554203, 935605.028926660772413 ], [ 2379195.683140051551163, 837510.6637139035156 ] ] ] } },
{ "type": "Feature", "properties": { }, "geometry": { "type": "Polygon", "coordinates": [ [ [ 2379195.683140051551163, 1426076.854990445543081 ], [ 2209291.258655339479446, 1524171.220203202683479 ], [ 2209291.258655339479446, 1720359.950628716964275 ], [ 2379195.683140051551163, 1818454.315841474104673 ], [ 2549100.107624764554203, 1720359.950628716964275 ], [ 2549100.107624764554203, 1524171.220203202683479 ], [ 2379195.683140051551163, 1426076.854990445543081 ] ] ] } },
{ "type": "Feature", "properties": { }, "geometry": { "type": "Polygon", "coordinates": [ [ [ 2379195.683140051551163, 2014643.046266988385469 ], [ 2209291.258655339479446, 2112737.411479745525867 ], [ 2209291.258655339479446, 2308926.14190525887534 ], [ 2379195.683140051551163, 2407020.507118016015738 ], [ 2549100.107624764554203, 2308926.14190525887534 ], [ 2549100.107624764554203, 2112737.411479745525867 ], [ 2379195.683140051551163, 2014643.046266988385469 ] ] ] } },
{ "type": "Feature", "properties": { }, "geometry": { "type": "Polygon", "coordinates": [ [ [ 2379195.683140051551163, 2603209.237543530296534 ], [ 2209291.258655339479446, 2701303.602756287436932 ], [ 2209291.258655339479446, 2897492.333181801717728 ], [ 2379195.683140051551163, 2995586.698394558858126 ], [ 2549100.107624764554203, 2897492.333181801717728 ], [ 2549100.107624764554203, 2701303.602756287436932 ], [ 2379195.683140051551163, 2603209.237543530296534 ] ] ] } },
{ "type": "Feature", "properties": { }, "geometry": { "type": "Polygon", "coordinates": [ [ [ 2379195.683140051551163, 3191775.428820073138922 ], [ 2209291.258655339479446, 3289869.794032829347998 ], [ 2209291.258655339479446, 3486058.524458343628794 ], [ 2379195.683140051551163, 3584152.889671100769192 ], [ 2549100.107624764554203, 3486058.524458343628794 ], [ 2549100.107624764554203, 3289869.794032829347998 ], [ 2379195.683140051551163, 3191775.428820073138922 ] ] ] } },
{ "type": "Feature", "properties": { }, "geometry": { "type": "Polygon", "coordinates": [ [ [ 2379195.683140051551163, 3780341.620096615049988 ], [ 2209291.258655339479446, 3878435.985309372190386 ], [ 2209291.258655339479446, 4074624.715734886471182 ], [ 2379195.683140051551163, 4172719.08094764361158 ], [ 2549100.107624764554203, 4074624.715734886471182 ], [ 2549100.107624764554203, 3878435.985309372190386 ], [ 2379195.683140051551163, 3780341.620096615049988 ] ] ] } },
{ "type": "Feature", "properties": { }, "geometry": { "type": "Polygon", "coordinates": [ [ [ 2549100.107624764554203, -3576735.770860163960606 ], [ 2379195.683140051551163, -3478641.405647406820208 ], [ 2379195.683140051551163, -3282452.675221892539412 ], [ 2549100.107624764554203, -3184358.310009135864675 ], [ 2719004.532109476625919, -3282452.675221892539412 ], [ 2719004.532109476625919, -3478641.405647406820208 ], [ 2549100.107624764554203, -3576735.770860163960606 ] ] ] } },
{ "type": "Feature", "properties": { }, "geometry": { "type": "Polygon", "coordinates": [ [ [ 2549100.107624764554203, -2988169.579583621583879 ], [ 2379195.683140051551163, -2890075.214370864443481 ], [ 2379195.683140051551163, -2693886.483945350162685 ], [ 2549100.107624764554203, -2595792.118732593487948 ], [ 2719004.532109476625919, -2693886.483945350162685 ], [ 2719004.532109476625919, -2890075.214370864443481 ], [ 2549100.107624764554203, -2988169.579583621583879 ] ] ] } },
{ "type": "Feature", "properties": { }, "geometry": { "type": "Polygon", "coordinates": [ [ [ 2549100.107624764554203, -2399603.388307079207152 ], [ 2379195.683140051551163, -2301509.023094322066754 ], [ 2379195.683140051551163, -2105320.292668808251619 ], [ 2549100.107624764554203, -2007225.927456051111221 ], [ 2719004.532109476625919, -2105320.292668808251619 ], [ 2719004.532109476625919, -2301509.023094322066754 ], [ 2549100.107624764554203, -2399603.388307079207152 ] ] ] } },
{ "type": "Feature", "properties": { }, "geometry": { "type": "Polygon", "coordinates": [ [ [ 2549100.107624764554203, -1811037.197030537063256 ], [ 2379195.683140051551163, -1712942.831817779922858 ], [ 2379195.683140051551163, -1516754.101392265874892 ], [ 2549100.107624764554203, -1418659.736179508734494 ], [ 2719004.532109476625919, -1516754.101392265874892 ], [ 2719004.532109476625919, -1712942.831817779922858 ], [ 2549100.107624764554203, -1811037.197030537063256 ] ] ] } },
{ "type": "Feature", "properties": { }, "geometry": { "type": "Polygon", "coordinates": [ [ [ 2549100.107624764554203, -1222471.005753994453698 ], [ 2379195.683140051551163, -1124376.6405412373133 ], [ 2379195.683140051551163, -928187.910115723614581 ], [ 2549100.107624764554203, -830093.544902966357768 ], [ 2719004.532109476625919, -928187.910115723614581 ], [ 2719004.532109476625919, -1124376.6405412373133 ], [ 2549100.107624764554203, -1222471.005753994453698 ] ] ] } },
{ "type": "Feature", "properties": { }, "geometry": { "type": "Polygon", "coordinates": [ [ [ 2549100.107624764554203, -633904.814477452542633 ], [ 2379195.683140051551163, -535810.44926469551865 ], [ 2379195.683140051551163, -339621.718839181237854 ], [ 2549100.107624764554203, -241527.353626423981041 ], [ 2719004.532109476625919, -339621.718839181237854 ], [ 2719004.532109476625919, -535810.44926469551865 ], [ 2549100.107624764554203, -633904.814477452542633 ] ] ] } },
{ "type": "Feature", "properties": { }, "geometry": { "type": "Polygon", "coordinates": [ [ [ 2549100.107624764554203, -45338.623200910165906 ], [ 2379195.683140051551163, 52755.742011846887181 ], [ 2379195.683140051551163, 248944.472437361167977 ], [ 2549100.107624764554203, 347038.837650117930025 ], [ 2719004.532109476625919, 248944.472437361167977 ], [ 2719004.532109476625919, 52755.742011846887181 ], [ 2549100.107624764554203, -45338.623200910165906 ] ] ] } },
{ "type": "Feature", "properties": { }, "geometry": { "type": "Polygon", "coordinates": [ [ [ 2549100.107624764554203, 543227.568075632210821 ], [ 2379195.683140051551163, 641321.933288389234804 ], [ 2379195.683140051551163, 837510.6637139035156 ], [ 2549100.107624764554203, 935605.028926660772413 ], [ 2719004.532109476625919, 837510.6637139035156 ], [ 2719004.532109476625919, 641321.933288389234804 ], [ 2549100.107624764554203, 543227.568075632210821 ] ] ] } },
{ "type": "Feature", "properties": { }, "geometry": { "type": "Polygon", "coordinates": [ [ [ 2549100.107624764554203, 1131793.759352175053209 ], [ 2379195.683140051551163, 1229888.124564932193607 ], [ 2379195.683140051551163, 1426076.854990445543081 ], [ 2549100.107624764554203, 1524171.220203202683479 ], [ 2719004.532109476625919, 1426076.854990445543081 ], [ 2719004.532109476625919, 1229888.124564932193607 ], [ 2549100.107624764554203, 1131793.759352175053209 ] ] ] } },
{ "type": "Feature", "properties": { }, "geometry": { "type": "Polygon", "coordinates": [ [ [ 2549100.107624764554203, 1720359.950628716964275 ], [ 2379195.683140051551163, 1818454.315841474104673 ], [ 2379195.683140051551163, 2014643.046266988385469 ], [ 2549100.107624764554203, 2112737.411479745525867 ], [ 2719004.532109476625919, 2014643.046266988385469 ], [ 2719004.532109476625919, 1818454.315841474104673 ], [ 2549100.107624764554203, 1720359.950628716964275 ] ] ] } },
{ "type": "Feature", "properties": { }, "geometry": { "type": "Polygon", "coordinates": [ [ [ 2549100.107624764554203, 2308926.14190525887534 ], [ 2379195.683140051551163, 2407020.507118016015738 ], [ 2379195.683140051551163, 2603209.237543530296534 ], [ 2549100.107624764554203, 2701303.602756287436932 ], [ 2719004.532109476625919, 2603209.237543530296534 ], [ 2719004.532109476625919, 2407020.507118016015738 ], [ 2549100.107624764554203, 2308926.14190525887534 ] ] ] } },
{ "type": "Feature", "properties": { }, "geometry": { "type": "Polygon", "coordinates": [ [ [ 2549100.107624764554203, 2897492.333181801717728 ], [ 2379195.683140051551163, 2995586.698394558858126 ], [ 2379195.683140051551163, 3191775.428820073138922 ], [ 2549100.107624764554203, 3289869.794032829347998 ], [ 2719004.532109476625919, 3191775.428820073138922 ], [ 2719004.532109476625919, 2995586.698394558858126 ], [ 2549100.107624764554203, 2897492.333181801717728 ] ] ] } },
{ "type": "Feature", "properties": { }, "geometry": { "type": "Polygon", "coordinates": [ [ [ 2549100.107624764554203, 3486058.524458343628794 ], [ 2379195.683140051551163, 3584152.889671100769192 ], [ 2379195.683140051551163, 3780341.620096615049988 ], [ 2549100.107624764554203, 3878435.985309372190386 ], [ 2719004.532109476625919, 3780341.620096615049988 ], [ 2719004.532109476625919, 3584152.889671100769192 ], [ 2549100.107624764554203, 3486058.524458343628794 ] ] ] } },
{ "type": "Feature", "properties": { }, "geometry": { "type": "Polygon", "coordinates": [ [ [ 2719004.532109476625919, -3282452.675221892539412 ], [ 2549100.107624764554203, -3184358.310009135864675 ], [ 2549100.107624764554203, -2988169.579583621583879 ], [ 2719004.532109476625919, -2890075.214370864443481 ], [ 2888908.956594188697636, -2988169.579583621583879 ], [ 2888908.956594188697636, -3184358.310009135864675 ], [ 2719004.532109476625919, -3282452.675221892539412 ] ] ] } },
{ "type": "Feature", "properties": { }, "geometry": { "type": "Polygon", "coordinates": [ [ [ 2719004.532109476625919, -2693886.483945350162685 ], [ 2549100.107624764554203, -2595792.118732593487948 ], [ 2549100.107624764554203, -2399603.388307079207152 ], [ 2719004.532109476625919, -2301509.023094322066754 ], [ 2888908.956594188697636, -2399603.388307079207152 ], [ 2888908.956594188697636, -2595792.118732593487948 ], [ 2719004.532109476625919, -2693886.483945350162685 ] ] ] } },
{ "type": "Feature", "properties": { }, "geometry": { "type": "Polygon", "coordinates": [ [ [ 2719004.532109476625919, -2105320.292668808251619 ], [ 2549100.107624764554203, -2007225.927456051111221 ], [ 2549100.107624764554203, -1811037.197030537063256 ], [ 2719004.532109476625919, -1712942.831817779922858 ], [ 2888908.956594188697636, -1811037.197030537063256 ], [ 2888908.956594188697636, -2007225.927456051111221 ], [ 2719004.532109476625919, -2105320.292668808251619 ] ] ] } },
{ "type": "Feature", "properties": { }, "geometry": { "type": "Polygon", "coordinates": [ [ [ 2719004.532109476625919, -1516754.101392265874892 ], [ 2549100.107624764554203, -1418659.736179508734494 ], [ 2549100.107624764554203, -1222471.005753994453698 ], [ 2719004.532109476625919, -1124376.6405412373133 ], [ 2888908.956594188697636, -1222471.005753994453698 ], [ 2888908.956594188697636, -1418659.736179508734494 ], [ 2719004.532109476625919, -1516754.101392265874892 ] ] ] } },
{ "type": "Feature", "properties": { }, "geometry": { "type": "Polygon", "coordinates": [ [ [ 2719004.532109476625919, -928187.910115723614581 ], [ 2549100.107624764554203, -830093.544902966357768 ], [ 2549100.107624764554203, -633904.814477452542633 ], [ 2719004.532109476625919, -535810.44926469551865 ], [ 2888908.956594188697636, -633904.814477452542633 ], [ 2888908.956594188697636, -830093.544902966357768 ], [ 2719004.532109476625919, -928187.910115723614581 ] ] ] } },
{ "type": "Feature", "properties": { }, "geometry": { "type": "Polygon", "coordinates": [ [ [ 2719004.532109476625919, -339621.718839181237854 ], [ 2549100.107624764554203, -241527.353626423981041 ], [ 2549100.107624764554203, -45338.623200910165906 ], [ 2719004.532109476625919, 52755.742011846887181 ], [ 2888908.956594188697636, -45338.623200910165906 ], [ 2888908.956594188697636, -241527.353626423981041 ], [ 2719004.532109476625919, -339621.718839181237854 ] ] ] } },
{ "type": "Feature", "properties": { }, "geometry": { "type": "Polygon", "coordinates": [ [ [ 2719004.532109476625919, 248944.472437361167977 ], [ 2549100.107624764554203, 347038.837650117930025 ], [ 2549100.107624764554203, 543227.568075632210821 ], [ 2719004.532109476625919, 641321.933288389234804 ], [ 2888908.956594188697636, 543227.568075632210821 ], [ 2888908.956594188697636, 347038.837650117930025 ], [ 2719004.532109476625919, 248944.472437361167977 ] ] ] } },
{ "type": "Feature", "properties": { }, "geometry": { "type": "Polygon", "coordinates": [ [ [ 2719004.532109476625919, 837510.6637139035156 ], [ 2549100.107624764554203, 935605.028926660772413 ], [ 2549100.107624764554203, 1131793.759352175053209 ], [ 2719004.532109476625919, 1229888.124564932193607 ], [ 2888908.956594188697636, 1131793.759352175053209 ], [ 2888908.956594188697636, 935605.028926660772413 ], [ 2719004.532109476625919, 837510.6637139035156 ] ] ] } },
{ "type": "Feature", "properties": { }, "geometry": { "type": "Polygon", "coordinates": [ [ [ 2719004.532109476625919, 1426076.854990445543081 ], [ 2549100.107624764554203, 1524171.220203202683479 ], [ 2549100.107624764554203, 1720359.950628716964275 ], [ 2719004.532109476625919, 1818454.315841474104673 ], [ 2888908.956594188697636, 1720359.950628716964275 ], [ 2888908.956594188697636, 1524171.220203202683479 ], [ 2719004.532109476625919, 1426076.854990445543081 ] ] ] } },
{ "type": "Feature", "properties": { }, "geometry": { "type": "Polygon", "coordinates": [ [ [ 2719004.532109476625919, 2014643.046266988385469 ], [ 2549100.107624764554203, 2112737.411479745525867 ], [ 2549100.107624764554203, 2308926.14190525887534 ], [ 2719004.532109476625919, 2407020.507118016015738 ], [ 2888908.956594188697636, 2308926.14190525887534 ], [ 2888908.956594188697636, 2112737.411479745525867 ], [ 2719004.532109476625919, 2014643.046266988385469 ] ] ] } },
{ "type": "Feature", "properties": { }, "geometry": { "type": "Polygon", "coordinates": [ [ [ 2719004.532109476625919, 2603209.237543530296534 ], [ 2549100.107624764554203, 2701303.602756287436932 ], [ 2549100.107624764554203, 2897492.333181801717728 ], [ 2719004.532109476625919, 2995586.698394558858126 ], [ 2888908.956594188697636, 2897492.333181801717728 ], [ 2888908.956594188697636, 2701303.602756287436932 ], [ 2719004.532109476625919, 2603209.237543530296534 ] ] ] } },
{ "type": "Feature", "properties": { }, "geometry": { "type": "Polygon", "coordinates": [ [ [ 2719004.532109476625919, 3191775.428820073138922 ], [ 2549100.107624764554203, 3289869.794032829347998 ], [ 2549100.107624764554203, 3486058.524458343628794 ], [ 2719004.532109476625919, 3584152.889671100769192 ], [ 2888908.956594188697636, 3486058.524458343628794 ], [ 2888908.956594188697636, 3289869.794032829347998 ], [ 2719004.532109476625919, 3191775.428820073138922 ] ] ] } },
{ "type": "Feature", "properties": { }, "geometry": { "type": "Polygon", "coordinates": [ [ [ 2719004.532109476625919, 3780341.620096615049988 ], [ 2549100.107624764554203, 3878435.985309372190386 ], [ 2549100.107624764554203, 4074624.715734886471182 ], [ 2719004.532109476625919, 4172719.08094764361158 ], [ 2888908.956594188697636, 4074624.715734886471182 ], [ 2888908.956594188697636, 3878435.985309372190386 ], [ 2719004.532109476625919, 3780341.620096615049988 ] ] ] } },
{ "type": "Feature", "properties": { }, "geometry": { "type": "Polygon", "coordinates": [ [ [ 2888908.956594188697636, -3576735.770860163960606 ], [ 2719004.532109476625919, -3478641.405647406820208 ], [ 2719004.532109476625919, -3282452.675221892539412 ], [ 2888908.956594188697636, -3184358.310009135864675 ], [ 3058813.381078900769353, -3282452.675221892539412 ], [ 3058813.381078900769353, -3478641.405647406820208 ], [ 2888908.956594188697636, -3576735.770860163960606 ] ] ] } },
{ "type": "Feature", "properties": { }, "geometry": { "type": "Polygon", "coordinates": [ [ [ 2888908.956594188697636, -2988169.579583621583879 ], [ 2719004.532109476625919, -2890075.214370864443481 ], [ 2719004.532109476625919, -2693886.483945350162685 ], [ 2888908.956594188697636, -2595792.118732593487948 ], [ 3058813.381078900769353, -2693886.483945350162685 ], [ 3058813.381078900769353, -2890075.214370864443481 ], [ 2888908.956594188697636, -2988169.579583621583879 ] ] ] } },
{ "type": "Feature", "properties": { }, "geometry": { "type": "Polygon", "coordinates": [ [ [ 2888908.956594188697636, -2399603.388307079207152 ], [ 2719004.532109476625919, -2301509.023094322066754 ], [ 2719004.532109476625919, -2105320.292668808251619 ], [ 2888908.956594188697636, -2007225.927456051111221 ], [ 3058813.381078900769353, -2105320.292668808251619 ], [ 3058813.381078900769353, -2301509.023094322066754 ], [ 2888908.956594188697636, -2399603.388307079207152 ] ] ] } },
{ "type": "Feature", "properties": { }, "geometry": { "type": "Polygon", "coordinates": [ [ [ 2888908.956594188697636, -1811037.197030537063256 ], [ 2719004.532109476625919, -1712942.831817779922858 ], [ 2719004.532109476625919, -1516754.101392265874892 ], [ 2888908.956594188697636, -1418659.736179508734494 ], [ 3058813.381078900769353, -1516754.101392265874892 ], [ 3058813.381078900769353, -1712942.831817779922858 ], [ 2888908.956594188697636, -1811037.197030537063256 ] ] ] } },
{ "type": "Feature", "properties": { }, "geometry": { "type": "Polygon", "coordinates": [ [ [ 2888908.956594188697636, -1222471.005753994453698 ], [ 2719004.532109476625919, -1124376.6405412373133 ], [ 2719004.532109476625919, -928187.910115723614581 ], [ 2888908.956594188697636, -830093.544902966357768 ], [ 3058813.381078900769353, -928187.910115723614581 ], [ 3058813.381078900769353, -1124376.6405412373133 ], [ 2888908.956594188697636, -1222471.005753994453698 ] ] ] } },
{ "type": "Feature", "properties": { }, "geometry": { "type": "Polygon", "coordinates": [ [ [ 2888908.956594188697636, -633904.814477452542633 ], [ 2719004.532109476625919, -535810.44926469551865 ], [ 2719004.532109476625919, -339621.718839181237854 ], [ 2888908.956594188697636, -241527.353626423981041 ], [ 3058813.381078900769353, -339621.718839181237854 ], [ 3058813.381078900769353, -535810.44926469551865 ], [ 2888908.956594188697636, -633904.814477452542633 ] ] ] } },
{ "type": "Feature", "properties": { }, "geometry": { "type": "Polygon", "coordinates": [ [ [ 2888908.956594188697636, -45338.623200910165906 ], [ 2719004.532109476625919, 52755.742011846887181 ], [ 2719004.532109476625919, 248944.472437361167977 ], [ 2888908.956594188697636, 347038.837650117930025 ], [ 3058813.381078900769353, 248944.472437361167977 ], [ 3058813.381078900769353, 52755.742011846887181 ], [ 2888908.956594188697636, -45338.623200910165906 ] ] ] } },
{ "type": "Feature", "properties": { }, "geometry": { "type": "Polygon", "coordinates": [ [ [ 2888908.956594188697636, 543227.568075632210821 ], [ 2719004.532109476625919, 641321.933288389234804 ], [ 2719004.532109476625919, 837510.6637139035156 ], [ 2888908.956594188697636, 935605.028926660772413 ], [ 3058813.381078900769353, 837510.6637139035156 ], [ 3058813.381078900769353, 641321.933288389234804 ], [ 2888908.956594188697636, 543227.568075632210821 ] ] ] } },
{ "type": "Feature", "properties": { }, "geometry": { "type": "Polygon", "coordinates": [ [ [ 2888908.956594188697636, 1131793.759352175053209 ], [ 2719004.532109476625919, 1229888.124564932193607 ], [ 2719004.532109476625919, 1426076.854990445543081 ], [ 2888908.956594188697636, 1524171.220203202683479 ], [ 3058813.381078900769353, 1426076.854990445543081 ], [ 3058813.381078900769353, 1229888.124564932193607 ], [ 2888908.956594188697636, 1131793.759352175053209 ] ] ] } },
{ "type": "Feature", "properties": { }, "geometry": { "type": "Polygon", "coordinates": [ [ [ 2888908.956594188697636, 1720359.950628716964275 ], [ 2719004.532109476625919, 1818454.315841474104673 ], [ 2719004.532109476625919, 2014643.046266988385469 ], [ 2888908.956594188697636, 2112737.411479745525867 ], [ 3058813.381078900769353, 2014643.046266988385469 ], [ 3058813.381078900769353, 1818454.315841474104673 ], [ 2888908.956594188697636, 1720359.950628716964275 ] ] ] } },
{ "type": "Feature", "properties": { }, "geometry": { "type": "Polygon", "coordinates": [ [ [ 2888908.956594188697636, 2308926.14190525887534 ], [ 2719004.532109476625919, 2407020.507118016015738 ], [ 2719004.532109476625919, 2603209.237543530296534 ], [ 2888908.956594188697636, 2701303.602756287436932 ], [ 3058813.381078900769353, 2603209.237543530296534 ], [ 3058813.381078900769353, 2407020.507118016015738 ], [ 2888908.956594188697636, 2308926.14190525887534 ] ] ] } },
{ "type": "Feature", "properties": { }, "geometry": { "type": "Polygon", "coordinates": [ [ [ 2888908.956594188697636, 2897492.333181801717728 ], [ 2719004.532109476625919, 2995586.698394558858126 ], [ 2719004.532109476625919, 3191775.428820073138922 ], [ 2888908.956594188697636, 3289869.794032829347998 ], [ 3058813.381078900769353, 3191775.428820073138922 ], [ 3058813.381078900769353, 2995586.698394558858126 ], [ 2888908.956594188697636, 2897492.333181801717728 ] ] ] } },
{ "type": "Feature", "properties": { }, "geometry": { "type": "Polygon", "coordinates": [ [ [ 2888908.956594188697636, 3486058.524458343628794 ], [ 2719004.532109476625919, 3584152.889671100769192 ], [ 2719004.532109476625919, 3780341.620096615049988 ], [ 2888908.956594188697636, 3878435.985309372190386 ], [ 3058813.381078900769353, 3780341.620096615049988 ], [ 3058813.381078900769353, 3584152.889671100769192 ], [ 2888908.956594188697636, 3486058.524458343628794 ] ] ] } },
{ "type": "Feature", "properties": { }, "geometry": { "type": "Polygon", "coordinates": [ [ [ 3058813.381078900769353, -3282452.675221892539412 ], [ 2888908.956594188697636, -3184358.310009135864675 ], [ 2888908.956594188697636, -2988169.579583621583879 ], [ 3058813.381078900769353, -2890075.214370864443481 ], [ 3228717.80556361284107, -2988169.579583621583879 ], [ 3228717.80556361284107, -3184358.310009135864675 ], [ 3058813.381078900769353, -3282452.675221892539412 ] ] ] } },
{ "type": "Feature", "properties": { }, "geometry": { "type": "Polygon", "coordinates": [ [ [ 3058813.381078900769353, -2693886.483945350162685 ], [ 2888908.956594188697636, -2595792.118732593487948 ], [ 2888908.956594188697636, -2399603.388307079207152 ], [ 3058813.381078900769353, -2301509.023094322066754 ], [ 3228717.80556361284107, -2399603.388307079207152 ], [ 3228717.80556361284107, -2595792.118732593487948 ], [ 3058813.381078900769353, -2693886.483945350162685 ] ] ] } },
{ "type": "Feature", "properties": { }, "geometry": { "type": "Polygon", "coordinates": [ [ [ 3058813.381078900769353, -2105320.292668808251619 ], [ 2888908.956594188697636, -2007225.927456051111221 ], [ 2888908.956594188697636, -1811037.197030537063256 ], [ 3058813.381078900769353, -1712942.831817779922858 ], [ 3228717.80556361284107, -1811037.197030537063256 ], [ 3228717.80556361284107, -2007225.927456051111221 ], [ 3058813.381078900769353, -2105320.292668808251619 ] ] ] } },
{ "type": "Feature", "properties": { }, "geometry": { "type": "Polygon", "coordinates": [ [ [ 3058813.381078900769353, -1516754.101392265874892 ], [ 2888908.956594188697636, -1418659.736179508734494 ], [ 2888908.956594188697636, -1222471.005753994453698 ], [ 3058813.381078900769353, -1124376.6405412373133 ], [ 3228717.80556361284107, -1222471.005753994453698 ], [ 3228717.80556361284107, -1418659.736179508734494 ], [ 3058813.381078900769353, -1516754.101392265874892 ] ] ] } },
{ "type": "Feature", "properties": { }, "geometry": { "type": "Polygon", "coordinates": [ [ [ 3058813.381078900769353, -928187.910115723614581 ], [ 2888908.956594188697636, -830093.544902966357768 ], [ 2888908.956594188697636, -633904.814477452542633 ], [ 3058813.381078900769353, -535810.44926469551865 ], [ 3228717.80556361284107, -633904.814477452542633 ], [ 3228717.80556361284107, -830093.544902966357768 ], [ 3058813.381078900769353, -928187.910115723614581 ] ] ] } },
{ "type": "Feature", "properties": { }, "geometry": { "type": "Polygon", "coordinates": [ [ [ 3058813.381078900769353, -339621.718839181237854 ], [ 2888908.956594188697636, -241527.353626423981041 ], [ 2888908.956594188697636, -45338.623200910165906 ], [ 3058813.381078900769353, 52755.742011846887181 ], [ 3228717.80556361284107, -45338.623200910165906 ], [ 3228717.80556361284107, -241527.353626423981041 ], [ 3058813.381078900769353, -339621.718839181237854 ] ] ] } },
{ "type": "Feature", "properties": { }, "geometry": { "type": "Polygon", "coordinates": [ [ [ 3058813.381078900769353, 248944.472437361167977 ], [ 2888908.956594188697636, 347038.837650117930025 ], [ 2888908.956594188697636, 543227.568075632210821 ], [ 3058813.381078900769353, 641321.933288389234804 ], [ 3228717.80556361284107, 543227.568075632210821 ], [ 3228717.80556361284107, 347038.837650117930025 ], [ 3058813.381078900769353, 248944.472437361167977 ] ] ] } },
{ "type": "Feature", "properties": { }, "geometry": { "type": "Polygon", "coordinates": [ [ [ 3058813.381078900769353, 837510.6637139035156 ], [ 2888908.956594188697636, 935605.028926660772413 ], [ 2888908.956594188697636, 1131793.759352175053209 ], [ 3058813.381078900769353, 1229888.124564932193607 ], [ 3228717.80556361284107, 1131793.759352175053209 ], [ 3228717.80556361284107, 935605.028926660772413 ], [ 3058813.381078900769353, 837510.6637139035156 ] ] ] } },
{ "type": "Feature", "properties": { }, "geometry": { "type": "Polygon", "coordinates": [ [ [ 3058813.381078900769353, 1426076.854990445543081 ], [ 2888908.956594188697636, 1524171.220203202683479 ], [ 2888908.956594188697636, 1720359.950628716964275 ], [ 3058813.381078900769353, 1818454.315841474104673 ], [ 3228717.80556361284107, 1720359.950628716964275 ], [ 3228717.80556361284107, 1524171.220203202683479 ], [ 3058813.381078900769353, 1426076.854990445543081 ] ] ] } },
{ "type": "Feature", "properties": { }, "geometry": { "type": "Polygon", "coordinates": [ [ [ 3058813.381078900769353, 2014643.046266988385469 ], [ 2888908.956594188697636, 2112737.411479745525867 ], [ 2888908.956594188697636, 2308926.14190525887534 ], [ 3058813.381078900769353, 2407020.507118016015738 ], [ 3228717.80556361284107, 2308926.14190525887534 ], [ 3228717.80556361284107, 2112737.411479745525867 ], [ 3058813.381078900769353, 2014643.046266988385469 ] ] ] } },
{ "type": "Feature", "properties": { }, "geometry": { "type": "Polygon", "coordinates": [ [ [ 3058813.381078900769353, 2603209.237543530296534 ], [ 2888908.956594188697636, 2701303.602756287436932 ], [ 2888908.956594188697636, 2897492.333181801717728 ], [ 3058813.381078900769353, 2995586.698394558858126 ], [ 3228717.80556361284107, 2897492.333181801717728 ], [ 3228717.80556361284107, 2701303.602756287436932 ], [ 3058813.381078900769353, 2603209.237543530296534 ] ] ] } },
{ "type": "Feature", "properties": { }, "geometry": { "type": "Polygon", "coordinates": [ [ [ 3058813.381078900769353, 3191775.428820073138922 ], [ 2888908.956594188697636, 3289869.794032829347998 ], [ 2888908.956594188697636, 3486058.524458343628794 ], [ 3058813.381078900769353, 3584152.889671100769192 ], [ 3228717.80556361284107, 3486058.524458343628794 ], [ 3228717.80556361284107, 3289869.794032829347998 ], [ 3058813.381078900769353, 3191775.428820073138922 ] ] ] } },
{ "type": "Feature", "properties": { }, "geometry": { "type": "Polygon", "coordinates": [ [ [ 3058813.381078900769353, 3780341.620096615049988 ], [ 2888908.956594188697636, 3878435.985309372190386 ], [ 2888908.956594188697636, 4074624.715734886471182 ], [ 3058813.381078900769353, 4172719.08094764361158 ], [ 3228717.80556361284107, 4074624.715734886471182 ], [ 3228717.80556361284107, 3878435.985309372190386 ], [ 3058813.381078900769353, 3780341.620096615049988 ] ] ] } },
{ "type": "Feature", "properties": { }, "geometry": { "type": "Polygon", "coordinates": [ [ [ 3228717.80556361284107, -3576735.770860163960606 ], [ 3058813.381078900769353, -3478641.405647406820208 ], [ 3058813.381078900769353, -3282452.675221892539412 ], [ 3228717.80556361284107, -3184358.310009135864675 ], [ 3398622.230048324912786, -3282452.675221892539412 ], [ 3398622.230048324912786, -3478641.405647406820208 ], [ 3228717.80556361284107, -3576735.770860163960606 ] ] ] } },
{ "type": "Feature", "properties": { }, "geometry": { "type": "Polygon", "coordinates": [ [ [ 3228717.80556361284107, -2988169.579583621583879 ], [ 3058813.381078900769353, -2890075.214370864443481 ], [ 3058813.381078900769353, -2693886.483945350162685 ], [ 3228717.80556361284107, -2595792.118732593487948 ], [ 3398622.230048324912786, -2693886.483945350162685 ], [ 3398622.230048324912786, -2890075.214370864443481 ], [ 3228717.80556361284107, -2988169.579583621583879 ] ] ] } },
{ "type": "Feature", "properties": { }, "geometry": { "type": "Polygon", "coordinates": [ [ [ 3228717.80556361284107, -2399603.388307079207152 ], [ 3058813.381078900769353, -2301509.023094322066754 ], [ 3058813.381078900769353, -2105320.292668808251619 ], [ 3228717.80556361284107, -2007225.927456051111221 ], [ 3398622.230048324912786, -2105320.292668808251619 ], [ 3398622.230048324912786, -2301509.023094322066754 ], [ 3228717.80556361284107, -2399603.388307079207152 ] ] ] } },
{ "type": "Feature", "properties": { }, "geometry": { "type": "Polygon", "coordinates": [ [ [ 3228717.80556361284107, -1811037.197030537063256 ], [ 3058813.381078900769353, -1712942.831817779922858 ], [ 3058813.381078900769353, -1516754.101392265874892 ], [ 3228717.80556361284107, -1418659.736179508734494 ], [ 3398622.230048324912786, -1516754.101392265874892 ], [ 3398622.230048324912786, -1712942.831817779922858 ], [ 3228717.80556361284107, -1811037.197030537063256 ] ] ] } },
{ "type": "Feature", "properties": { }, "geometry": { "type": "Polygon", "coordinates": [ [ [ 3228717.80556361284107, -1222471.005753994453698 ], [ 3058813.381078900769353, -1124376.6405412373133 ], [ 3058813.381078900769353, -928187.910115723614581 ], [ 3228717.80556361284107, -830093.544902966357768 ], [ 3398622.230048324912786, -928187.910115723614581 ], [ 3398622.230048324912786, -1124376.6405412373133 ], [ 3228717.80556361284107, -1222471.005753994453698 ] ] ] } },
{ "type": "Feature", "properties": { }, "geometry": { "type": "Polygon", "coordinates": [ [ [ 3228717.80556361284107, -633904.814477452542633 ], [ 3058813.381078900769353, -535810.44926469551865 ], [ 3058813.381078900769353, -339621.718839181237854 ], [ 3228717.80556361284107, -241527.353626423981041 ], [ 3398622.230048324912786, -339621.718839181237854 ], [ 3398622.230048324912786, -535810.44926469551865 ], [ 3228717.80556361284107, -633904.814477452542633 ] ] ] } },
{ "type": "Feature", "properties": { }, "geometry": { "type": "Polygon", "coordinates": [ [ [ 3228717.80556361284107, -45338.623200910165906 ], [ 3058813.381078900769353, 52755.742011846887181 ], [ 3058813.381078900769353, 248944.472437361167977 ], [ 3228717.80556361284107, 347038.837650117930025 ], [ 3398622.230048324912786, 248944.472437361167977 ], [ 3398622.230048324912786, 52755.742011846887181 ], [ 3228717.80556361284107, -45338.623200910165906 ] ] ] } },
{ "type": "Feature", "properties": { }, "geometry": { "type": "Polygon", "coordinates": [ [ [ 3228717.80556361284107, 543227.568075632210821 ], [ 3058813.381078900769353, 641321.933288389234804 ], [ 3058813.381078900769353, 837510.6637139035156 ], [ 3228717.80556361284107, 935605.028926660772413 ], [ 3398622.230048324912786, 837510.6637139035156 ], [ 3398622.230048324912786, 641321.933288389234804 ], [ 3228717.80556361284107, 543227.568075632210821 ] ] ] } },
{ "type": "Feature", "properties": { }, "geometry": { "type": "Polygon", "coordinates": [ [ [ 3228717.80556361284107, 1131793.759352175053209 ], [ 3058813.381078900769353, 1229888.124564932193607 ], [ 3058813.381078900769353, 1426076.854990445543081 ], [ 3228717.80556361284107, 1524171.220203202683479 ], [ 3398622.230048324912786, 1426076.854990445543081 ], [ 3398622.230048324912786, 1229888.124564932193607 ], [ 3228717.80556361284107, 1131793.759352175053209 ] ] ] } },
{ "type": "Feature", "properties": { }, "geometry": { "type": "Polygon", "coordinates": [ [ [ 3228717.80556361284107, 1720359.950628716964275 ], [ 3058813.381078900769353, 1818454.315841474104673 ], [ 3058813.381078900769353, 2014643.046266988385469 ], [ 3228717.80556361284107, 2112737.411479745525867 ], [ 3398622.230048324912786, 2014643.046266988385469 ], [ 3398622.230048324912786, 1818454.315841474104673 ], [ 3228717.80556361284107, 1720359.950628716964275 ] ] ] } },
{ "type": "Feature", "properties": { }, "geometry": { "type": "Polygon", "coordinates": [ [ [ 3228717.80556361284107, 2308926.14190525887534 ], [ 3058813.381078900769353, 2407020.507118016015738 ], [ 3058813.381078900769353, 2603209.237543530296534 ], [ 3228717.80556361284107, 2701303.602756287436932 ], [ 3398622.230048324912786, 2603209.237543530296534 ], [ 3398622.230048324912786, 2407020.507118016015738 ], [ 3228717.80556361284107, 2308926.14190525887534 ] ] ] } },
{ "type": "Feature", "properties": { }, "geometry": { "type": "Polygon", "coordinates": [ [ [ 3228717.80556361284107, 2897492.333181801717728 ], [ 3058813.381078900769353, 2995586.698394558858126 ], [ 3058813.381078900769353, 3191775.428820073138922 ], [ 3228717.80556361284107, 3289869.794032829347998 ], [ 3398622.230048324912786, 3191775.428820073138922 ], [ 3398622.230048324912786, 2995586.698394558858126 ], [ 3228717.80556361284107, 2897492.333181801717728 ] ] ] } },
{ "type": "Feature", "properties": { }, "geometry": { "type": "Polygon", "coordinates": [ [ [ 3228717.80556361284107, 3486058.524458343628794 ], [ 3058813.381078900769353, 3584152.889671100769192 ], [ 3058813.381078900769353, 3780341.620096615049988 ], [ 3228717.80556361284107, 3878435.985309372190386 ], [ 3398622.230048324912786, 3780341.620096615049988 ], [ 3398622.230048324912786, 3584152.889671100769192 ], [ 3228717.80556361284107, 3486058.524458343628794 ] ] ] } },
{ "type": "Feature", "properties": { }, "geometry": { "type": "Polygon", "coordinates": [ [ [ 3398622.230048324912786, -3282452.675221892539412 ], [ 3228717.80556361284107, -3184358.310009135864675 ], [ 3228717.80556361284107, -2988169.579583621583879 ], [ 3398622.230048324912786, -2890075.214370864443481 ], [ 3568526.654533037915826, -2988169.579583621583879 ], [ 3568526.654533037915826, -3184358.310009135864675 ], [ 3398622.230048324912786, -3282452.675221892539412 ] ] ] } },
{ "type": "Feature", "properties": { }, "geometry": { "type": "Polygon", "coordinates": [ [ [ 3398622.230048324912786, -2693886.483945350162685 ], [ 3228717.80556361284107, -2595792.118732593487948 ], [ 3228717.80556361284107, -2399603.388307079207152 ], [ 3398622.230048324912786, -2301509.023094322066754 ], [ 3568526.654533037915826, -2399603.388307079207152 ], [ 3568526.654533037915826, -2595792.118732593487948 ], [ 3398622.230048324912786, -2693886.483945350162685 ] ] ] } },
{ "type": "Feature", "properties": { }, "geometry": { "type": "Polygon", "coordinates": [ [ [ 3398622.230048324912786, -2105320.292668808251619 ], [ 3228717.80556361284107, -2007225.927456051111221 ], [ 3228717.80556361284107, -1811037.197030537063256 ], [ 3398622.230048324912786, -1712942.831817779922858 ], [ 3568526.654533037915826, -1811037.197030537063256 ], [ 3568526.654533037915826, -2007225.927456051111221 ], [ 3398622.230048324912786, -2105320.292668808251619 ] ] ] } },
{ "type": "Feature", "properties": { }, "geometry": { "type": "Polygon", "coordinates": [ [ [ 3398622.230048324912786, -1516754.101392265874892 ], [ 3228717.80556361284107, -1418659.736179508734494 ], [ 3228717.80556361284107, -1222471.005753994453698 ], [ 3398622.230048324912786, -1124376.6405412373133 ], [ 3568526.654533037915826, -1222471.005753994453698 ], [ 3568526.654533037915826, -1418659.736179508734494 ], [ 3398622.230048324912786, -1516754.101392265874892 ] ] ] } },
{ "type": "Feature", "properties": { }, "geometry": { "type": "Polygon", "coordinates": [ [ [ 3398622.230048324912786, -928187.910115723614581 ], [ 3228717.80556361284107, -830093.544902966357768 ], [ 3228717.80556361284107, -633904.814477452542633 ], [ 3398622.230048324912786, -535810.44926469551865 ], [ 3568526.654533037915826, -633904.814477452542633 ], [ 3568526.654533037915826, -830093.544902966357768 ], [ 3398622.230048324912786, -928187.910115723614581 ] ] ] } },
{ "type": "Feature", "properties": { }, "geometry": { "type": "Polygon", "coordinates": [ [ [ 3398622.230048324912786, -339621.718839181237854 ], [ 3228717.80556361284107, -241527.353626423981041 ], [ 3228717.80556361284107, -45338.623200910165906 ], [ 3398622.230048324912786, 52755.742011846887181 ], [ 3568526.654533037915826, -45338.623200910165906 ], [ 3568526.654533037915826, -241527.353626423981041 ], [ 3398622.230048324912786, -339621.718839181237854 ] ] ] } },
{ "type": "Feature", "properties": { }, "geometry": { "type": "Polygon", "coordinates": [ [ [ 3398622.230048324912786, 248944.472437361167977 ], [ 3228717.80556361284107, 347038.837650117930025 ], [ 3228717.80556361284107, 543227.568075632210821 ], [ 3398622.230048324912786, 641321.933288389234804 ], [ 3568526.654533037915826, 543227.568075632210821 ], [ 3568526.654533037915826, 347038.837650117930025 ], [ 3398622.230048324912786, 248944.472437361167977 ] ] ] } },
{ "type": "Feature", "properties": { }, "geometry": { "type": "Polygon", "coordinates": [ [ [ 3398622.230048324912786, 837510.6637139035156 ], [ 3228717.80556361284107, 935605.028926660772413 ], [ 3228717.80556361284107, 1131793.759352175053209 ], [ 3398622.230048324912786, 1229888.124564932193607 ], [ 3568526.654533037915826, 1131793.759352175053209 ], [ 3568526.654533037915826, 935605.028926660772413 ], [ 3398622.230048324912786, 837510.6637139035156 ] ] ] } },
{ "type": "Feature", "properties": { }, "geometry": { "type": "Polygon", "coordinates": [ [ [ 3398622.230048324912786, 1426076.854990445543081 ], [ 3228717.80556361284107, 1524171.220203202683479 ], [ 3228717.80556361284107, 1720359.950628716964275 ], [ 3398622.230048324912786, 1818454.315841474104673 ], [ 3568526.654533037915826, 1720359.950628716964275 ], [ 3568526.654533037915826, 1524171.220203202683479 ], [ 3398622.230048324912786, 1426076.854990445543081 ] ] ] } },
{ "type": "Feature", "properties": { }, "geometry": { "type": "Polygon", "coordinates": [ [ [ 3398622.230048324912786, 2014643.046266988385469 ], [ 3228717.80556361284107, 2112737.411479745525867 ], [ 3228717.80556361284107, 2308926.14190525887534 ], [ 3398622.230048324912786, 2407020.507118016015738 ], [ 3568526.654533037915826, 2308926.14190525887534 ], [ 3568526.654533037915826, 2112737.411479745525867 ], [ 3398622.230048324912786, 2014643.046266988385469 ] ] ] } },
{ "type": "Feature", "properties": { }, "geometry": { "type": "Polygon", "coordinates": [ [ [ 3398622.230048324912786, 2603209.237543530296534 ], [ 3228717.80556361284107, 2701303.602756287436932 ], [ 3228717.80556361284107, 2897492.333181801717728 ], [ 3398622.230048324912786, 2995586.698394558858126 ], [ 3568526.654533037915826, 2897492.333181801717728 ], [ 3568526.654533037915826, 2701303.602756287436932 ], [ 3398622.230048324912786, 2603209.237543530296534 ] ] ] } },
{ "type": "Feature", "properties": { }, "geometry": { "type": "Polygon", "coordinates": [ [ [ 3398622.230048324912786, 3191775.428820073138922 ], [ 3228717.80556361284107, 3289869.794032829347998 ], [ 3228717.80556361284107, 3486058.524458343628794 ], [ 3398622.230048324912786, 3584152.889671100769192 ], [ 3568526.654533037915826, 3486058.524458343628794 ], [ 3568526.654533037915826, 3289869.794032829347998 ], [ 3398622.230048324912786, 3191775.428820073138922 ] ] ] } },
{ "type": "Feature", "properties": { }, "geometry": { "type": "Polygon", "coordinates": [ [ [ 3398622.230048324912786, 3780341.620096615049988 ], [ 3228717.80556361284107, 3878435.985309372190386 ], [ 3228717.80556361284107, 4074624.715734886471182 ], [ 3398622.230048324912786, 4172719.08094764361158 ], [ 3568526.654533037915826, 4074624.715734886471182 ], [ 3568526.654533037915826, 3878435.985309372190386 ], [ 3398622.230048324912786, 3780341.620096615049988 ] ] ] } },
{ "type": "Feature", "properties": { }, "geometry": { "type": "Polygon", "coordinates": [ [ [ 3568526.654533037915826, -3576735.770860163960606 ], [ 3398622.230048324912786, -3478641.405647406820208 ], [ 3398622.230048324912786, -3282452.675221892539412 ], [ 3568526.654533037915826, -3184358.310009135864675 ], [ 3738431.079017749987543, -3282452.675221892539412 ], [ 3738431.079017749987543, -3478641.405647406820208 ], [ 3568526.654533037915826, -3576735.770860163960606 ] ] ] } },
{ "type": "Feature", "properties": { }, "geometry": { "type": "Polygon", "coordinates": [ [ [ 3568526.654533037915826, -2988169.579583621583879 ], [ 3398622.230048324912786, -2890075.214370864443481 ], [ 3398622.230048324912786, -2693886.483945350162685 ], [ 3568526.654533037915826, -2595792.118732593487948 ], [ 3738431.079017749987543, -2693886.483945350162685 ], [ 3738431.079017749987543, -2890075.214370864443481 ], [ 3568526.654533037915826, -2988169.579583621583879 ] ] ] } },
{ "type": "Feature", "properties": { }, "geometry": { "type": "Polygon", "coordinates": [ [ [ 3568526.654533037915826, -2399603.388307079207152 ], [ 3398622.230048324912786, -2301509.023094322066754 ], [ 3398622.230048324912786, -2105320.292668808251619 ], [ 3568526.654533037915826, -2007225.927456051111221 ], [ 3738431.079017749987543, -2105320.292668808251619 ], [ 3738431.079017749987543, -2301509.023094322066754 ], [ 3568526.654533037915826, -2399603.388307079207152 ] ] ] } },
{ "type": "Feature", "properties": { }, "geometry": { "type": "Polygon", "coordinates": [ [ [ 3568526.654533037915826, -1811037.197030537063256 ], [ 3398622.230048324912786, -1712942.831817779922858 ], [ 3398622.230048324912786, -1516754.101392265874892 ], [ 3568526.654533037915826, -1418659.736179508734494 ], [ 3738431.079017749987543, -1516754.101392265874892 ], [ 3738431.079017749987543, -1712942.831817779922858 ], [ 3568526.654533037915826, -1811037.197030537063256 ] ] ] } },
{ "type": "Feature", "properties": { }, "geometry": { "type": "Polygon", "coordinates": [ [ [ 3568526.654533037915826, -1222471.005753994453698 ], [ 3398622.230048324912786, -1124376.6405412373133 ], [ 3398622.230048324912786, -928187.910115723614581 ], [ 3568526.654533037915826, -830093.544902966357768 ], [ 3738431.079017749987543, -928187.910115723614581 ], [ 3738431.079017749987543, -1124376.6405412373133 ], [ 3568526.654533037915826, -1222471.005753994453698 ] ] ] } },
{ "type": "Feature", "properties": { }, "geometry": { "type": "Polygon", "coordinates": [ [ [ 3568526.654533037915826, -633904.814477452542633 ], [ 3398622.230048324912786, -535810.44926469551865 ], [ 3398622.230048324912786, -339621.718839181237854 ], [ 3568526.654533037915826, -241527.353626423981041 ], [ 3738431.079017749987543, -339621.718839181237854 ], [ 3738431.079017749987543, -535810.44926469551865 ], [ 3568526.654533037915826, -633904.814477452542633 ] ] ] } },
{ "type": "Feature", "properties": { }, "geometry": { "type": "Polygon", "coordinates": [ [ [ 3568526.654533037915826, -45338.623200910165906 ], [ 3398622.230048324912786, 52755.742011846887181 ], [ 3398622.230048324912786, 248944.472437361167977 ], [ 3568526.654533037915826, 347038.837650117930025 ], [ 3738431.079017749987543, 248944.472437361167977 ], [ 3738431.079017749987543, 52755.742011846887181 ], [ 3568526.654533037915826, -45338.623200910165906 ] ] ] } },
{ "type": "Feature", "properties": { }, "geometry": { "type": "Polygon", "coordinates": [ [ [ 3568526.654533037915826, 543227.568075632210821 ], [ 3398622.230048324912786, 641321.933288389234804 ], [ 3398622.230048324912786, 837510.6637139035156 ], [ 3568526.654533037915826, 935605.028926660772413 ], [ 3738431.079017749987543, 837510.6637139035156 ], [ 3738431.079017749987543, 641321.933288389234804 ], [ 3568526.654533037915826, 543227.568075632210821 ] ] ] } },
{ "type": "Feature", "properties": { }, "geometry": { "type": "Polygon", "coordinates": [ [ [ 3568526.654533037915826, 1131793.759352175053209 ], [ 3398622.230048324912786, 1229888.124564932193607 ], [ 3398622.230048324912786, 1426076.854990445543081 ], [ 3568526.654533037915826, 1524171.220203202683479 ], [ 3738431.079017749987543, 1426076.854990445543081 ], [ 3738431.079017749987543, 1229888.124564932193607 ], [ 3568526.654533037915826, 1131793.759352175053209 ] ] ] } },
{ "type": "Feature", "properties": { }, "geometry": { "type": "Polygon", "coordinates": [ [ [ 3568526.654533037915826, 1720359.950628716964275 ], [ 3398622.230048324912786, 1818454.315841474104673 ], [ 3398622.230048324912786, 2014643.046266988385469 ], [ 3568526.654533037915826, 2112737.411479745525867 ], [ 3738431.079017749987543, 2014643.046266988385469 ], [ 3738431.079017749987543, 1818454.315841474104673 ], [ 3568526.654533037915826, 1720359.950628716964275 ] ] ] } },
{ "type": "Feature", "properties": { }, "geometry": { "type": "Polygon", "coordinates": [ [ [ 3568526.654533037915826, 2308926.14190525887534 ], [ 3398622.230048324912786, 2407020.507118016015738 ], [ 3398622.230048324912786, 2603209.237543530296534 ], [ 3568526.654533037915826, 2701303.602756287436932 ], [ 3738431.079017749987543, 2603209.237543530296534 ], [ 3738431.079017749987543, 2407020.507118016015738 ], [ 3568526.654533037915826, 2308926.14190525887534 ] ] ] } },
{ "type": "Feature", "properties": { }, "geometry": { "type": "Polygon", "coordinates": [ [ [ 3568526.654533037915826, 2897492.333181801717728 ], [ 3398622.230048324912786, 2995586.698394558858126 ], [ 3398622.230048324912786, 3191775.428820073138922 ], [ 3568526.654533037915826, 3289869.794032829347998 ], [ 3738431.079017749987543, 3191775.428820073138922 ], [ 3738431.079017749987543, 2995586.698394558858126 ], [ 3568526.654533037915826, 2897492.333181801717728 ] ] ] } },
{ "type": "Feature", "properties": { }, "geometry": { "type": "Polygon", "coordinates": [ [ [ 3568526.654533037915826, 3486058.524458343628794 ], [ 3398622.230048324912786, 3584152.889671100769192 ], [ 3398622.230048324912786, 3780341.620096615049988 ], [ 3568526.654533037915826, 3878435.985309372190386 ], [ 3738431.079017749987543, 3780341.620096615049988 ], [ 3738431.079017749987543, 3584152.889671100769192 ], [ 3568526.654533037915826, 3486058.524458343628794 ] ] ] } },
{ "type": "Feature", "properties": { }, "geometry": { "type": "Polygon", "coordinates": [ [ [ 3738431.079017749987543, -3282452.675221892539412 ], [ 3568526.654533037915826, -3184358.310009135864675 ], [ 3568526.654533037915826, -2988169.579583621583879 ], [ 3738431.079017749987543, -2890075.214370864443481 ], [ 3908335.503502462059259, -2988169.579583621583879 ], [ 3908335.503502462059259, -3184358.310009135864675 ], [ 3738431.079017749987543, -3282452.675221892539412 ] ] ] } },
{ "type": "Feature", "properties": { }, "geometry": { "type": "Polygon", "coordinates": [ [ [ 3738431.079017749987543, -2693886.483945350162685 ], [ 3568526.654533037915826, -2595792.118732593487948 ], [ 3568526.654533037915826, -2399603.388307079207152 ], [ 3738431.079017749987543, -2301509.023094322066754 ], [ 3908335.503502462059259, -2399603.388307079207152 ], [ 3908335.503502462059259, -2595792.118732593487948 ], [ 3738431.079017749987543, -2693886.483945350162685 ] ] ] } },
{ "type": "Feature", "properties": { }, "geometry": { "type": "Polygon", "coordinates": [ [ [ 3738431.079017749987543, -2105320.292668808251619 ], [ 3568526.654533037915826, -2007225.927456051111221 ], [ 3568526.654533037915826, -1811037.197030537063256 ], [ 3738431.079017749987543, -1712942.831817779922858 ], [ 3908335.503502462059259, -1811037.197030537063256 ], [ 3908335.503502462059259, -2007225.927456051111221 ], [ 3738431.079017749987543, -2105320.292668808251619 ] ] ] } },
{ "type": "Feature", "properties": { }, "geometry": { "type": "Polygon", "coordinates": [ [ [ 3738431.079017749987543, -1516754.101392265874892 ], [ 3568526.654533037915826, -1418659.736179508734494 ], [ 3568526.654533037915826, -1222471.005753994453698 ], [ 3738431.079017749987543, -1124376.6405412373133 ], [ 3908335.503502462059259, -1222471.005753994453698 ], [ 3908335.503502462059259, -1418659.736179508734494 ], [ 3738431.079017749987543, -1516754.101392265874892 ] ] ] } },
{ "type": "Feature", "properties": { }, "geometry": { "type": "Polygon", "coordinates": [ [ [ 3738431.079017749987543, -928187.910115723614581 ], [ 3568526.654533037915826, -830093.544902966357768 ], [ 3568526.654533037915826, -633904.814477452542633 ], [ 3738431.079017749987543, -535810.44926469551865 ], [ 3908335.503502462059259, -633904.814477452542633 ], [ 3908335.503502462059259, -830093.544902966357768 ], [ 3738431.079017749987543, -928187.910115723614581 ] ] ] } },
{ "type": "Feature", "properties": { }, "geometry": { "type": "Polygon", "coordinates": [ [ [ 3738431.079017749987543, -339621.718839181237854 ], [ 3568526.654533037915826, -241527.353626423981041 ], [ 3568526.654533037915826, -45338.623200910165906 ], [ 3738431.079017749987543, 52755.742011846887181 ], [ 3908335.503502462059259, -45338.623200910165906 ], [ 3908335.503502462059259, -241527.353626423981041 ], [ 3738431.079017749987543, -339621.718839181237854 ] ] ] } },
{ "type": "Feature", "properties": { }, "geometry": { "type": "Polygon", "coordinates": [ [ [ 3738431.079017749987543, 248944.472437361167977 ], [ 3568526.654533037915826, 347038.837650117930025 ], [ 3568526.654533037915826, 543227.568075632210821 ], [ 3738431.079017749987543, 641321.933288389234804 ], [ 3908335.503502462059259, 543227.568075632210821 ], [ 3908335.503502462059259, 347038.837650117930025 ], [ 3738431.079017749987543, 248944.472437361167977 ] ] ] } },
{ "type": "Feature", "properties": { }, "geometry": { "type": "Polygon", "coordinates": [ [ [ 3738431.079017749987543, 837510.6637139035156 ], [ 3568526.654533037915826, 935605.028926660772413 ], [ 3568526.654533037915826, 1131793.759352175053209 ], [ 3738431.079017749987543, 1229888.124564932193607 ], [ 3908335.503502462059259, 1131793.759352175053209 ], [ 3908335.503502462059259, 935605.028926660772413 ], [ 3738431.079017749987543, 837510.6637139035156 ] ] ] } },
{ "type": "Feature", "properties": { }, "geometry": { "type": "Polygon", "coordinates": [ [ [ 3738431.079017749987543, 1426076.854990445543081 ], [ 3568526.654533037915826, 1524171.220203202683479 ], [ 3568526.654533037915826, 1720359.950628716964275 ], [ 3738431.079017749987543, 1818454.315841474104673 ], [ 3908335.503502462059259, 1720359.950628716964275 ], [ 3908335.503502462059259, 1524171.220203202683479 ], [ 3738431.079017749987543, 1426076.854990445543081 ] ] ] } },
{ "type": "Feature", "properties": { }, "geometry": { "type": "Polygon", "coordinates": [ [ [ 3738431.079017749987543, 2014643.046266988385469 ], [ 3568526.654533037915826, 2112737.411479745525867 ], [ 3568526.654533037915826, 2308926.14190525887534 ], [ 3738431.079017749987543, 2407020.507118016015738 ], [ 3908335.503502462059259, 2308926.14190525887534 ], [ 3908335.503502462059259, 2112737.411479745525867 ], [ 3738431.079017749987543, 2014643.046266988385469 ] ] ] } },
{ "type": "Feature", "properties": { }, "geometry": { "type": "Polygon", "coordinates": [ [ [ 3738431.079017749987543, 2603209.237543530296534 ], [ 3568526.654533037915826, 2701303.602756287436932 ], [ 3568526.654533037915826, 2897492.333181801717728 ], [ 3738431.079017749987543, 2995586.698394558858126 ], [ 3908335.503502462059259, 2897492.333181801717728 ], [ 3908335.503502462059259, 2701303.602756287436932 ], [ 3738431.079017749987543, 2603209.237543530296534 ] ] ] } },
{ "type": "Feature", "properties": { }, "geometry": { "type": "Polygon", "coordinates": [ [ [ 3738431.079017749987543, 3191775.428820073138922 ], [ 3568526.654533037915826, 3289869.794032829347998 ], [ 3568526.654533037915826, 3486058.524458343628794 ], [ 3738431.079017749987543, 3584152.889671100769192 ], [ 3908335.503502462059259, 3486058.524458343628794 ], [ 3908335.503502462059259, 3289869.794032829347998 ], [ 3738431.079017749987543, 3191775.428820073138922 ] ] ] } },
{ "type": "Feature", "properties": { }, "geometry": { "type": "Polygon", "coordinates": [ [ [ 3738431.079017749987543, 3780341.620096615049988 ], [ 3568526.654533037915826, 3878435.985309372190386 ], [ 3568526.654533037915826, 4074624.715734886471182 ], [ 3738431.079017749987543, 4172719.08094764361158 ], [ 3908335.503502462059259, 4074624.715734886471182 ], [ 3908335.503502462059259, 3878435.985309372190386 ], [ 3738431.079017749987543, 3780341.620096615049988 ] ] ] } },
{ "type": "Feature", "properties": { }, "geometry": { "type": "Polygon", "coordinates": [ [ [ 3908335.503502462059259, -3576735.770860163960606 ], [ 3738431.079017749987543, -3478641.405647406820208 ], [ 3738431.079017749987543, -3282452.675221892539412 ], [ 3908335.503502462059259, -3184358.310009135864675 ], [ 4078239.927987173199654, -3282452.675221892539412 ], [ 4078239.927987173199654, -3478641.405647406820208 ], [ 3908335.503502462059259, -3576735.770860163960606 ] ] ] } },
{ "type": "Feature", "properties": { }, "geometry": { "type": "Polygon", "coordinates": [ [ [ 3908335.503502462059259, -2988169.579583621583879 ], [ 3738431.079017749987543, -2890075.214370864443481 ], [ 3738431.079017749987543, -2693886.483945350162685 ], [ 3908335.503502462059259, -2595792.118732593487948 ], [ 4078239.927987173199654, -2693886.483945350162685 ], [ 4078239.927987173199654, -2890075.214370864443481 ], [ 3908335.503502462059259, -2988169.579583621583879 ] ] ] } },
{ "type": "Feature", "properties": { }, "geometry": { "type": "Polygon", "coordinates": [ [ [ 3908335.503502462059259, -2399603.388307079207152 ], [ 3738431.079017749987543, -2301509.023094322066754 ], [ 3738431.079017749987543, -2105320.292668808251619 ], [ 3908335.503502462059259, -2007225.927456051111221 ], [ 4078239.927987173199654, -2105320.292668808251619 ], [ 4078239.927987173199654, -2301509.023094322066754 ], [ 3908335.503502462059259, -2399603.388307079207152 ] ] ] } },
{ "type": "Feature", "properties": { }, "geometry": { "type": "Polygon", "coordinates": [ [ [ 3908335.503502462059259, -1811037.197030537063256 ], [ 3738431.079017749987543, -1712942.831817779922858 ], [ 3738431.079017749987543, -1516754.101392265874892 ], [ 3908335.503502462059259, -1418659.736179508734494 ], [ 4078239.927987173199654, -1516754.101392265874892 ], [ 4078239.927987173199654, -1712942.831817779922858 ], [ 3908335.503502462059259, -1811037.197030537063256 ] ] ] } },
{ "type": "Feature", "properties": { }, "geometry": { "type": "Polygon", "coordinates": [ [ [ 3908335.503502462059259, -1222471.005753994453698 ], [ 3738431.079017749987543, -1124376.6405412373133 ], [ 3738431.079017749987543, -928187.910115723614581 ], [ 3908335.503502462059259, -830093.544902966357768 ], [ 4078239.927987173199654, -928187.910115723614581 ], [ 4078239.927987173199654, -1124376.6405412373133 ], [ 3908335.503502462059259, -1222471.005753994453698 ] ] ] } },
{ "type": "Feature", "properties": { }, "geometry": { "type": "Polygon", "coordinates": [ [ [ 3908335.503502462059259, -633904.814477452542633 ], [ 3738431.079017749987543, -535810.44926469551865 ], [ 3738431.079017749987543, -339621.718839181237854 ], [ 3908335.503502462059259, -241527.353626423981041 ], [ 4078239.927987173199654, -339621.718839181237854 ], [ 4078239.927987173199654, -535810.44926469551865 ], [ 3908335.503502462059259, -633904.814477452542633 ] ] ] } },
{ "type": "Feature", "properties": { }, "geometry": { "type": "Polygon", "coordinates": [ [ [ 3908335.503502462059259, -45338.623200910165906 ], [ 3738431.079017749987543, 52755.742011846887181 ], [ 3738431.079017749987543, 248944.472437361167977 ], [ 3908335.503502462059259, 347038.837650117930025 ], [ 4078239.927987173199654, 248944.472437361167977 ], [ 4078239.927987173199654, 52755.742011846887181 ], [ 3908335.503502462059259, -45338.623200910165906 ] ] ] } },
{ "type": "Feature", "properties": { }, "geometry": { "type": "Polygon", "coordinates": [ [ [ 3908335.503502462059259, 543227.568075632210821 ], [ 3738431.079017749987543, 641321.933288389234804 ], [ 3738431.079017749987543, 837510.6637139035156 ], [ 3908335.503502462059259, 935605.028926660772413 ], [ 4078239.927987173199654, 837510.6637139035156 ], [ 4078239.927987173199654, 641321.933288389234804 ], [ 3908335.503502462059259, 543227.568075632210821 ] ] ] } },
{ "type": "Feature", "properties": { }, "geometry": { "type": "Polygon", "coordinates": [ [ [ 3908335.503502462059259, 1131793.759352175053209 ], [ 3738431.079017749987543, 1229888.124564932193607 ], [ 3738431.079017749987543, 1426076.854990445543081 ], [ 3908335.503502462059259, 1524171.220203202683479 ], [ 4078239.927987173199654, 1426076.854990445543081 ], [ 4078239.927987173199654, 1229888.124564932193607 ], [ 3908335.503502462059259, 1131793.759352175053209 ] ] ] } },
{ "type": "Feature", "properties": { }, "geometry": { "type": "Polygon", "coordinates": [ [ [ 3908335.503502462059259, 1720359.950628716964275 ], [ 3738431.079017749987543, 1818454.315841474104673 ], [ 3738431.079017749987543, 2014643.046266988385469 ], [ 3908335.503502462059259, 2112737.411479745525867 ], [ 4078239.927987173199654, 2014643.046266988385469 ], [ 4078239.927987173199654, 1818454.315841474104673 ], [ 3908335.503502462059259, 1720359.950628716964275 ] ] ] } },
{ "type": "Feature", "properties": { }, "geometry": { "type": "Polygon", "coordinates": [ [ [ 3908335.503502462059259, 2308926.14190525887534 ], [ 3738431.079017749987543, 2407020.507118016015738 ], [ 3738431.079017749987543, 2603209.237543530296534 ], [ 3908335.503502462059259, 2701303.602756287436932 ], [ 4078239.927987173199654, 2603209.237543530296534 ], [ 4078239.927987173199654, 2407020.507118016015738 ], [ 3908335.503502462059259, 2308926.14190525887534 ] ] ] } },
{ "type": "Feature", "properties": { }, "geometry": { "type": "Polygon", "coordinates": [ [ [ 3908335.503502462059259, 2897492.333181801717728 ], [ 3738431.079017749987543, 2995586.698394558858126 ], [ 3738431.079017749987543, 3191775.428820073138922 ], [ 3908335.503502462059259, 3289869.794032829347998 ], [ 4078239.927987173199654, 3191775.428820073138922 ], [ 4078239.927987173199654, 2995586.698394558858126 ], [ 3908335.503502462059259, 2897492.333181801717728 ] ] ] } },
{ "type": "Feature", "properties": { }, "geometry": { "type": "Polygon", "coordinates": [ [ [ 3908335.503502462059259, 3486058.524458343628794 ], [ 3738431.079017749987543, 3584152.889671100769192 ], [ 3738431.079017749987543, 3780341.620096615049988 ], [ 3908335.503502462059259, 3878435.985309372190386 ], [ 4078239.927987173199654, 3780341.620096615049988 ], [ 4078239.927987173199654, 3584152.889671100769192 ], [ 3908335.503502462059259, 3486058.524458343628794 ] ] ] } },
{ "type": "Feature", "properties": { }, "geometry": { "type": "Polygon", "coordinates": [ [ [ 4078239.927987173199654, -3282452.675221892539412 ], [ 3908335.503502462059259, -3184358.310009135864675 ], [ 3908335.503502462059259, -2988169.579583621583879 ], [ 4078239.927987173199654, -2890075.214370864443481 ], [ 4248144.352471886202693, -2988169.579583621583879 ], [ 4248144.352471886202693, -3184358.310009135864675 ], [ 4078239.927987173199654, -3282452.675221892539412 ] ] ] } },
{ "type": "Feature", "properties": { }, "geometry": { "type": "Polygon", "coordinates": [ [ [ 4078239.927987173199654, -2693886.483945350162685 ], [ 3908335.503502462059259, -2595792.118732593487948 ], [ 3908335.503502462059259, -2399603.388307079207152 ], [ 4078239.927987173199654, -2301509.023094322066754 ], [ 4248144.352471886202693, -2399603.388307079207152 ], [ 4248144.352471886202693, -2595792.118732593487948 ], [ 4078239.927987173199654, -2693886.483945350162685 ] ] ] } },
{ "type": "Feature", "properties": { }, "geometry": { "type": "Polygon", "coordinates": [ [ [ 4078239.927987173199654, -2105320.292668808251619 ], [ 3908335.503502462059259, -2007225.927456051111221 ], [ 3908335.503502462059259, -1811037.197030537063256 ], [ 4078239.927987173199654, -1712942.831817779922858 ], [ 4248144.352471886202693, -1811037.197030537063256 ], [ 4248144.352471886202693, -2007225.927456051111221 ], [ 4078239.927987173199654, -2105320.292668808251619 ] ] ] } },
{ "type": "Feature", "properties": { }, "geometry": { "type": "Polygon", "coordinates": [ [ [ 4078239.927987173199654, -1516754.101392265874892 ], [ 3908335.503502462059259, -1418659.736179508734494 ], [ 3908335.503502462059259, -1222471.005753994453698 ], [ 4078239.927987173199654, -1124376.6405412373133 ], [ 4248144.352471886202693, -1222471.005753994453698 ], [ 4248144.352471886202693, -1418659.736179508734494 ], [ 4078239.927987173199654, -1516754.101392265874892 ] ] ] } },
{ "type": "Feature", "properties": { }, "geometry": { "type": "Polygon", "coordinates": [ [ [ 4078239.927987173199654, -928187.910115723614581 ], [ 3908335.503502462059259, -830093.544902966357768 ], [ 3908335.503502462059259, -633904.814477452542633 ], [ 4078239.927987173199654, -535810.44926469551865 ], [ 4248144.352471886202693, -633904.814477452542633 ], [ 4248144.352471886202693, -830093.544902966357768 ], [ 4078239.927987173199654, -928187.910115723614581 ] ] ] } },
{ "type": "Feature", "properties": { }, "geometry": { "type": "Polygon", "coordinates": [ [ [ 4078239.927987173199654, -339621.718839181237854 ], [ 3908335.503502462059259, -241527.353626423981041 ], [ 3908335.503502462059259, -45338.623200910165906 ], [ 4078239.927987173199654, 52755.742011846887181 ], [ 4248144.352471886202693, -45338.623200910165906 ], [ 4248144.352471886202693, -241527.353626423981041 ], [ 4078239.927987173199654, -339621.718839181237854 ] ] ] } },
{ "type": "Feature", "properties": { }, "geometry": { "type": "Polygon", "coordinates": [ [ [ 4078239.927987173199654, 248944.472437361167977 ], [ 3908335.503502462059259, 347038.837650117930025 ], [ 3908335.503502462059259, 543227.568075632210821 ], [ 4078239.927987173199654, 641321.933288389234804 ], [ 4248144.352471886202693, 543227.568075632210821 ], [ 4248144.352471886202693, 347038.837650117930025 ], [ 4078239.927987173199654, 248944.472437361167977 ] ] ] } },
{ "type": "Feature", "properties": { }, "geometry": { "type": "Polygon", "coordinates": [ [ [ 4078239.927987173199654, 837510.6637139035156 ], [ 3908335.503502462059259, 935605.028926660772413 ], [ 3908335.503502462059259, 1131793.759352175053209 ], [ 4078239.927987173199654, 1229888.124564932193607 ], [ 4248144.352471886202693, 1131793.759352175053209 ], [ 4248144.352471886202693, 935605.028926660772413 ], [ 4078239.927987173199654, 837510.6637139035156 ] ] ] } },
{ "type": "Feature", "properties": { }, "geometry": { "type": "Polygon", "coordinates": [ [ [ 4078239.927987173199654, 1426076.854990445543081 ], [ 3908335.503502462059259, 1524171.220203202683479 ], [ 3908335.503502462059259, 1720359.950628716964275 ], [ 4078239.927987173199654, 1818454.315841474104673 ], [ 4248144.352471886202693, 1720359.950628716964275 ], [ 4248144.352471886202693, 1524171.220203202683479 ], [ 4078239.927987173199654, 1426076.854990445543081 ] ] ] } },
{ "type": "Feature", "properties": { }, "geometry": { "type": "Polygon", "coordinates": [ [ [ 4078239.927987173199654, 2014643.046266988385469 ], [ 3908335.503502462059259, 2112737.411479745525867 ], [ 3908335.503502462059259, 2308926.14190525887534 ], [ 4078239.927987173199654, 2407020.507118016015738 ], [ 4248144.352471886202693, 2308926.14190525887534 ], [ 4248144.352471886202693, 2112737.411479745525867 ], [ 4078239.927987173199654, 2014643.046266988385469 ] ] ] } },
{ "type": "Feature", "properties": { }, "geometry": { "type": "Polygon", "coordinates": [ [ [ 4078239.927987173199654, 2603209.237543530296534 ], [ 3908335.503502462059259, 2701303.602756287436932 ], [ 3908335.503502462059259, 2897492.333181801717728 ], [ 4078239.927987173199654, 2995586.698394558858126 ], [ 4248144.352471886202693, 2897492.333181801717728 ], [ 4248144.352471886202693, 2701303.602756287436932 ], [ 4078239.927987173199654, 2603209.237543530296534 ] ] ] } },
{ "type": "Feature", "properties": { }, "geometry": { "type": "Polygon", "coordinates": [ [ [ 4078239.927987173199654, 3191775.428820073138922 ], [ 3908335.503502462059259, 3289869.794032829347998 ], [ 3908335.503502462059259, 3486058.524458343628794 ], [ 4078239.927987173199654, 3584152.889671100769192 ], [ 4248144.352471886202693, 3486058.524458343628794 ], [ 4248144.352471886202693, 3289869.794032829347998 ], [ 4078239.927987173199654, 3191775.428820073138922 ] ] ] } },
{ "type": "Feature", "properties": { }, "geometry": { "type": "Polygon", "coordinates": [ [ [ 4078239.927987173199654, 3780341.620096615049988 ], [ 3908335.503502462059259, 3878435.985309372190386 ], [ 3908335.503502462059259, 4074624.715734886471182 ], [ 4078239.927987173199654, 4172719.08094764361158 ], [ 4248144.352471886202693, 4074624.715734886471182 ], [ 4248144.352471886202693, 3878435.985309372190386 ], [ 4078239.927987173199654, 3780341.620096615049988 ] ] ] } },
{ "type": "Feature", "properties": { }, "geometry": { "type": "Polygon", "coordinates": [ [ [ 4248144.352471886202693, -3576735.770860163960606 ], [ 4078239.927987173199654, -3478641.405647406820208 ], [ 4078239.927987173199654, -3282452.675221892539412 ], [ 4248144.352471886202693, -3184358.310009135864675 ], [ 4418048.776956599205732, -3282452.675221892539412 ], [ 4418048.776956599205732, -3478641.405647406820208 ], [ 4248144.352471886202693, -3576735.770860163960606 ] ] ] } },
{ "type": "Feature", "properties": { }, "geometry": { "type": "Polygon", "coordinates": [ [ [ 4248144.352471886202693, -2988169.579583621583879 ], [ 4078239.927987173199654, -2890075.214370864443481 ], [ 4078239.927987173199654, -2693886.483945350162685 ], [ 4248144.352471886202693, -2595792.118732593487948 ], [ 4418048.776956599205732, -2693886.483945350162685 ], [ 4418048.776956599205732, -2890075.214370864443481 ], [ 4248144.352471886202693, -2988169.579583621583879 ] ] ] } },
{ "type": "Feature", "properties": { }, "geometry": { "type": "Polygon", "coordinates": [ [ [ 4248144.352471886202693, -2399603.388307079207152 ], [ 4078239.927987173199654, -2301509.023094322066754 ], [ 4078239.927987173199654, -2105320.292668808251619 ], [ 4248144.352471886202693, -2007225.927456051111221 ], [ 4418048.776956599205732, -2105320.292668808251619 ], [ 4418048.776956599205732, -2301509.023094322066754 ], [ 4248144.352471886202693, -2399603.388307079207152 ] ] ] } },
{ "type": "Feature", "properties": { }, "geometry": { "type": "Polygon", "coordinates": [ [ [ 4248144.352471886202693, -1811037.197030537063256 ], [ 4078239.927987173199654, -1712942.831817779922858 ], [ 4078239.927987173199654, -1516754.101392265874892 ], [ 4248144.352471886202693, -1418659.736179508734494 ], [ 4418048.776956599205732, -1516754.101392265874892 ], [ 4418048.776956599205732, -1712942.831817779922858 ], [ 4248144.352471886202693, -1811037.197030537063256 ] ] ] } },
{ "type": "Feature", "properties": { }, "geometry": { "type": "Polygon", "coordinates": [ [ [ 4248144.352471886202693, -1222471.005753994453698 ], [ 4078239.927987173199654, -1124376.6405412373133 ], [ 4078239.927987173199654, -928187.910115723614581 ], [ 4248144.352471886202693, -830093.544902966357768 ], [ 4418048.776956599205732, -928187.910115723614581 ], [ 4418048.776956599205732, -1124376.6405412373133 ], [ 4248144.352471886202693, -1222471.005753994453698 ] ] ] } },
{ "type": "Feature", "properties": { }, "geometry": { "type": "Polygon", "coordinates": [ [ [ 4248144.352471886202693, -633904.814477452542633 ], [ 4078239.927987173199654, -535810.44926469551865 ], [ 4078239.927987173199654, -339621.718839181237854 ], [ 4248144.352471886202693, -241527.353626423981041 ], [ 4418048.776956599205732, -339621.718839181237854 ], [ 4418048.776956599205732, -535810.44926469551865 ], [ 4248144.352471886202693, -633904.814477452542633 ] ] ] } },
{ "type": "Feature", "properties": { }, "geometry": { "type": "Polygon", "coordinates": [ [ [ 4248144.352471886202693, -45338.623200910165906 ], [ 4078239.927987173199654, 52755.742011846887181 ], [ 4078239.927987173199654, 248944.472437361167977 ], [ 4248144.352471886202693, 347038.837650117930025 ], [ 4418048.776956599205732, 248944.472437361167977 ], [ 4418048.776956599205732, 52755.742011846887181 ], [ 4248144.352471886202693, -45338.623200910165906 ] ] ] } },
{ "type": "Feature", "properties": { }, "geometry": { "type": "Polygon", "coordinates": [ [ [ 4248144.352471886202693, 543227.568075632210821 ], [ 4078239.927987173199654, 641321.933288389234804 ], [ 4078239.927987173199654, 837510.6637139035156 ], [ 4248144.352471886202693, 935605.028926660772413 ], [ 4418048.776956599205732, 837510.6637139035156 ], [ 4418048.776956599205732, 641321.933288389234804 ], [ 4248144.352471886202693, 543227.568075632210821 ] ] ] } },
{ "type": "Feature", "properties": { }, "geometry": { "type": "Polygon", "coordinates": [ [ [ 4248144.352471886202693, 1131793.759352175053209 ], [ 4078239.927987173199654, 1229888.124564932193607 ], [ 4078239.927987173199654, 1426076.854990445543081 ], [ 4248144.352471886202693, 1524171.220203202683479 ], [ 4418048.776956599205732, 1426076.854990445543081 ], [ 4418048.776956599205732, 1229888.124564932193607 ], [ 4248144.352471886202693, 1131793.759352175053209 ] ] ] } },
{ "type": "Feature", "properties": { }, "geometry": { "type": "Polygon", "coordinates": [ [ [ 4248144.352471886202693, 1720359.950628716964275 ], [ 4078239.927987173199654, 1818454.315841474104673 ], [ 4078239.927987173199654, 2014643.046266988385469 ], [ 4248144.352471886202693, 2112737.411479745525867 ], [ 4418048.776956599205732, 2014643.046266988385469 ], [ 4418048.776956599205732, 1818454.315841474104673 ], [ 4248144.352471886202693, 1720359.950628716964275 ] ] ] } },
{ "type": "Feature", "properties": { }, "geometry": { "type": "Polygon", "coordinates": [ [ [ 4248144.352471886202693, 2308926.14190525887534 ], [ 4078239.927987173199654, 2407020.507118016015738 ], [ 4078239.927987173199654, 2603209.237543530296534 ], [ 4248144.352471886202693, 2701303.602756287436932 ], [ 4418048.776956599205732, 2603209.237543530296534 ], [ 4418048.776956599205732, 2407020.507118016015738 ], [ 4248144.352471886202693, 2308926.14190525887534 ] ] ] } },
{ "type": "Feature", "properties": { }, "geometry": { "type": "Polygon", "coordinates": [ [ [ 4248144.352471886202693, 2897492.333181801717728 ], [ 4078239.927987173199654, 2995586.698394558858126 ], [ 4078239.927987173199654, 3191775.428820073138922 ], [ 4248144.352471886202693, 3289869.794032829347998 ], [ 4418048.776956599205732, 3191775.428820073138922 ], [ 4418048.776956599205732, 2995586.698394558858126 ], [ 4248144.352471886202693, 2897492.333181801717728 ] ] ] } },
{ "type": "Feature", "properties": { }, "geometry": { "type": "Polygon", "coordinates": [ [ [ 4248144.352471886202693, 3486058.524458343628794 ], [ 4078239.927987173199654, 3584152.889671100769192 ], [ 4078239.927987173199654, 3780341.620096615049988 ], [ 4248144.352471886202693, 3878435.985309372190386 ], [ 4418048.776956599205732, 3780341.620096615049988 ], [ 4418048.776956599205732, 3584152.889671100769192 ], [ 4248144.352471886202693, 3486058.524458343628794 ] ] ] } },
{ "type": "Feature", "properties": { }, "geometry": { "type": "Polygon", "coordinates": [ [ [ 4418048.776956599205732, -3282452.675221892539412 ], [ 4248144.352471886202693, -3184358.310009135864675 ], [ 4248144.352471886202693, -2988169.579583621583879 ], [ 4418048.776956599205732, -2890075.214370864443481 ], [ 4587953.201441310346127, -2988169.579583621583879 ], [ 4587953.201441310346127, -3184358.310009135864675 ], [ 4418048.776956599205732, -3282452.675221892539412 ] ] ] } },
{ "type": "Feature", "properties": { }, "geometry": { "type": "Polygon", "coordinates": [ [ [ 4418048.776956599205732, -2693886.483945350162685 ], [ 4248144.352471886202693, -2595792.118732593487948 ], [ 4248144.352471886202693, -2399603.388307079207152 ], [ 4418048.776956599205732, -2301509.023094322066754 ], [ 4587953.201441310346127, -2399603.388307079207152 ], [ 4587953.201441310346127, -2595792.118732593487948 ], [ 4418048.776956599205732, -2693886.483945350162685 ] ] ] } },
{ "type": "Feature", "properties": { }, "geometry": { "type": "Polygon", "coordinates": [ [ [ 4418048.776956599205732, -2105320.292668808251619 ], [ 4248144.352471886202693, -2007225.927456051111221 ], [ 4248144.352471886202693, -1811037.197030537063256 ], [ 4418048.776956599205732, -1712942.831817779922858 ], [ 4587953.201441310346127, -1811037.197030537063256 ], [ 4587953.201441310346127, -2007225.927456051111221 ], [ 4418048.776956599205732, -2105320.292668808251619 ] ] ] } },
{ "type": "Feature", "properties": { }, "geometry": { "type": "Polygon", "coordinates": [ [ [ 4418048.776956599205732, -1516754.101392265874892 ], [ 4248144.352471886202693, -1418659.736179508734494 ], [ 4248144.352471886202693, -1222471.005753994453698 ], [ 4418048.776956599205732, -1124376.6405412373133 ], [ 4587953.201441310346127, -1222471.005753994453698 ], [ 4587953.201441310346127, -1418659.736179508734494 ], [ 4418048.776956599205732, -1516754.101392265874892 ] ] ] } },
{ "type": "Feature", "properties": { }, "geometry": { "type": "Polygon", "coordinates": [ [ [ 4418048.776956599205732, -928187.910115723614581 ], [ 4248144.352471886202693, -830093.544902966357768 ], [ 4248144.352471886202693, -633904.814477452542633 ], [ 4418048.776956599205732, -535810.44926469551865 ], [ 4587953.201441310346127, -633904.814477452542633 ], [ 4587953.201441310346127, -830093.544902966357768 ], [ 4418048.776956599205732, -928187.910115723614581 ] ] ] } },
{ "type": "Feature", "properties": { }, "geometry": { "type": "Polygon", "coordinates": [ [ [ 4418048.776956599205732, -339621.718839181237854 ], [ 4248144.352471886202693, -241527.353626423981041 ], [ 4248144.352471886202693, -45338.623200910165906 ], [ 4418048.776956599205732, 52755.742011846887181 ], [ 4587953.201441310346127, -45338.623200910165906 ], [ 4587953.201441310346127, -241527.353626423981041 ], [ 4418048.776956599205732, -339621.718839181237854 ] ] ] } },
{ "type": "Feature", "properties": { }, "geometry": { "type": "Polygon", "coordinates": [ [ [ 4418048.776956599205732, 248944.472437361167977 ], [ 4248144.352471886202693, 347038.837650117930025 ], [ 4248144.352471886202693, 543227.568075632210821 ], [ 4418048.776956599205732, 641321.933288389234804 ], [ 4587953.201441310346127, 543227.568075632210821 ], [ 4587953.201441310346127, 347038.837650117930025 ], [ 4418048.776956599205732, 248944.472437361167977 ] ] ] } },
{ "type": "Feature", "properties": { }, "geometry": { "type": "Polygon", "coordinates": [ [ [ 4418048.776956599205732, 837510.6637139035156 ], [ 4248144.352471886202693, 935605.028926660772413 ], [ 4248144.352471886202693, 1131793.759352175053209 ], [ 4418048.776956599205732, 1229888.124564932193607 ], [ 4587953.201441310346127, 1131793.759352175053209 ], [ 4587953.201441310346127, 935605.028926660772413 ], [ 4418048.776956599205732, 837510.6637139035156 ] ] ] } },
{ "type": "Feature", "properties": { }, "geometry": { "type": "Polygon", "coordinates": [ [ [ 4418048.776956599205732, 1426076.854990445543081 ], [ 4248144.352471886202693, 1524171.220203202683479 ], [ 4248144.352471886202693, 1720359.950628716964275 ], [ 4418048.776956599205732, 1818454.315841474104673 ], [ 4587953.201441310346127, 1720359.950628716964275 ], [ 4587953.201441310346127, 1524171.220203202683479 ], [ 4418048.776956599205732, 1426076.854990445543081 ] ] ] } },
{ "type": "Feature", "properties": { }, "geometry": { "type": "Polygon", "coordinates": [ [ [ 4418048.776956599205732, 2014643.046266988385469 ], [ 4248144.352471886202693, 2112737.411479745525867 ], [ 4248144.352471886202693, 2308926.14190525887534 ], [ 4418048.776956599205732, 2407020.507118016015738 ], [ 4587953.201441310346127, 2308926.14190525887534 ], [ 4587953.201441310346127, 2112737.411479745525867 ], [ 4418048.776956599205732, 2014643.046266988385469 ] ] ] } },
{ "type": "Feature", "properties": { }, "geometry": { "type": "Polygon", "coordinates": [ [ [ 4418048.776956599205732, 2603209.237543530296534 ], [ 4248144.352471886202693, 2701303.602756287436932 ], [ 4248144.352471886202693, 2897492.333181801717728 ], [ 4418048.776956599205732, 2995586.698394558858126 ], [ 4587953.201441310346127, 2897492.333181801717728 ], [ 4587953.201441310346127, 2701303.602756287436932 ], [ 4418048.776956599205732, 2603209.237543530296534 ] ] ] } },
{ "type": "Feature", "properties": { }, "geometry": { "type": "Polygon", "coordinates": [ [ [ 4418048.776956599205732, 3191775.428820073138922 ], [ 4248144.352471886202693, 3289869.794032829347998 ], [ 4248144.352471886202693, 3486058.524458343628794 ], [ 4418048.776956599205732, 3584152.889671100769192 ], [ 4587953.201441310346127, 3486058.524458343628794 ], [ 4587953.201441310346127, 3289869.794032829347998 ], [ 4418048.776956599205732, 3191775.428820073138922 ] ] ] } },
{ "type": "Feature", "properties": { }, "geometry": { "type": "Polygon", "coordinates": [ [ [ 4418048.776956599205732, 3780341.620096615049988 ], [ 4248144.352471886202693, 3878435.985309372190386 ], [ 4248144.352471886202693, 4074624.715734886471182 ], [ 4418048.776956599205732, 4172719.08094764361158 ], [ 4587953.201441310346127, 4074624.715734886471182 ], [ 4587953.201441310346127, 3878435.985309372190386 ], [ 4418048.776956599205732, 3780341.620096615049988 ] ] ] } },
{ "type": "Feature", "properties": { }, "geometry": { "type": "Polygon", "coordinates": [ [ [ 4587953.201441310346127, -3576735.770860163960606 ], [ 4418048.776956599205732, -3478641.405647406820208 ], [ 4418048.776956599205732, -3282452.675221892539412 ], [ 4587953.201441310346127, -3184358.310009135864675 ], [ 4757857.625926023349166, -3282452.675221892539412 ], [ 4757857.625926023349166, -3478641.405647406820208 ], [ 4587953.201441310346127, -3576735.770860163960606 ] ] ] } },
{ "type": "Feature", "properties": { }, "geometry": { "type": "Polygon", "coordinates": [ [ [ 4587953.201441310346127, -2988169.579583621583879 ], [ 4418048.776956599205732, -2890075.214370864443481 ], [ 4418048.776956599205732, -2693886.483945350162685 ], [ 4587953.201441310346127, -2595792.118732593487948 ], [ 4757857.625926023349166, -2693886.483945350162685 ], [ 4757857.625926023349166, -2890075.214370864443481 ], [ 4587953.201441310346127, -2988169.579583621583879 ] ] ] } },
{ "type": "Feature", "properties": { }, "geometry": { "type": "Polygon", "coordinates": [ [ [ 4587953.201441310346127, -2399603.388307079207152 ], [ 4418048.776956599205732, -2301509.023094322066754 ], [ 4418048.776956599205732, -2105320.292668808251619 ], [ 4587953.201441310346127, -2007225.927456051111221 ], [ 4757857.625926023349166, -2105320.292668808251619 ], [ 4757857.625926023349166, -2301509.023094322066754 ], [ 4587953.201441310346127, -2399603.388307079207152 ] ] ] } },
{ "type": "Feature", "properties": { }, "geometry": { "type": "Polygon", "coordinates": [ [ [ 4587953.201441310346127, -1811037.197030537063256 ], [ 4418048.776956599205732, -1712942.831817779922858 ], [ 4418048.776956599205732, -1516754.101392265874892 ], [ 4587953.201441310346127, -1418659.736179508734494 ], [ 4757857.625926023349166, -1516754.101392265874892 ], [ 4757857.625926023349166, -1712942.831817779922858 ], [ 4587953.201441310346127, -1811037.197030537063256 ] ] ] } },
{ "type": "Feature", "properties": { }, "geometry": { "type": "Polygon", "coordinates": [ [ [ 4587953.201441310346127, -1222471.005753994453698 ], [ 4418048.776956599205732, -1124376.6405412373133 ], [ 4418048.776956599205732, -928187.910115723614581 ], [ 4587953.201441310346127, -830093.544902966357768 ], [ 4757857.625926023349166, -928187.910115723614581 ], [ 4757857.625926023349166, -1124376.6405412373133 ], [ 4587953.201441310346127, -1222471.005753994453698 ] ] ] } },
{ "type": "Feature", "properties": { }, "geometry": { "type": "Polygon", "coordinates": [ [ [ 4587953.201441310346127, -633904.814477452542633 ], [ 4418048.776956599205732, -535810.44926469551865 ], [ 4418048.776956599205732, -339621.718839181237854 ], [ 4587953.201441310346127, -241527.353626423981041 ], [ 4757857.625926023349166, -339621.718839181237854 ], [ 4757857.625926023349166, -535810.44926469551865 ], [ 4587953.201441310346127, -633904.814477452542633 ] ] ] } },
{ "type": "Feature", "properties": { }, "geometry": { "type": "Polygon", "coordinates": [ [ [ 4587953.201441310346127, -45338.623200910165906 ], [ 4418048.776956599205732, 52755.742011846887181 ], [ 4418048.776956599205732, 248944.472437361167977 ], [ 4587953.201441310346127, 347038.837650117930025 ], [ 4757857.625926023349166, 248944.472437361167977 ], [ 4757857.625926023349166, 52755.742011846887181 ], [ 4587953.201441310346127, -45338.623200910165906 ] ] ] } },
{ "type": "Feature", "properties": { }, "geometry": { "type": "Polygon", "coordinates": [ [ [ 4587953.201441310346127, 543227.568075632210821 ], [ 4418048.776956599205732, 641321.933288389234804 ], [ 4418048.776956599205732, 837510.6637139035156 ], [ 4587953.201441310346127, 935605.028926660772413 ], [ 4757857.625926023349166, 837510.6637139035156 ], [ 4757857.625926023349166, 641321.933288389234804 ], [ 4587953.201441310346127, 543227.568075632210821 ] ] ] } },
{ "type": "Feature", "properties": { }, "geometry": { "type": "Polygon", "coordinates": [ [ [ 4587953.201441310346127, 1131793.759352175053209 ], [ 4418048.776956599205732, 1229888.124564932193607 ], [ 4418048.776956599205732, 1426076.854990445543081 ], [ 4587953.201441310346127, 1524171.220203202683479 ], [ 4757857.625926023349166, 1426076.854990445543081 ], [ 4757857.625926023349166, 1229888.124564932193607 ], [ 4587953.201441310346127, 1131793.759352175053209 ] ] ] } },
{ "type": "Feature", "properties": { }, "geometry": { "type": "Polygon", "coordinates": [ [ [ 4587953.201441310346127, 1720359.950628716964275 ], [ 4418048.776956599205732, 1818454.315841474104673 ], [ 4418048.776956599205732, 2014643.046266988385469 ], [ 4587953.201441310346127, 2112737.411479745525867 ], [ 4757857.625926023349166, 2014643.046266988385469 ], [ 4757857.625926023349166, 1818454.315841474104673 ], [ 4587953.201441310346127, 1720359.950628716964275 ] ] ] } },
{ "type": "Feature", "properties": { }, "geometry": { "type": "Polygon", "coordinates": [ [ [ 4587953.201441310346127, 2308926.14190525887534 ], [ 4418048.776956599205732, 2407020.507118016015738 ], [ 4418048.776956599205732, 2603209.237543530296534 ], [ 4587953.201441310346127, 2701303.602756287436932 ], [ 4757857.625926023349166, 2603209.237543530296534 ], [ 4757857.625926023349166, 2407020.507118016015738 ], [ 4587953.201441310346127, 2308926.14190525887534 ] ] ] } },
{ "type": "Feature", "properties": { }, "geometry": { "type": "Polygon", "coordinates": [ [ [ 4587953.201441310346127, 2897492.333181801717728 ], [ 4418048.776956599205732, 2995586.698394558858126 ], [ 4418048.776956599205732, 3191775.428820073138922 ], [ 4587953.201441310346127, 3289869.794032829347998 ], [ 4757857.625926023349166, 3191775.428820073138922 ], [ 4757857.625926023349166, 2995586.698394558858126 ], [ 4587953.201441310346127, 2897492.333181801717728 ] ] ] } },
{ "type": "Feature", "properties": { }, "geometry": { "type": "Polygon", "coordinates": [ [ [ 4587953.201441310346127, 3486058.524458343628794 ], [ 4418048.776956599205732, 3584152.889671100769192 ], [ 4418048.776956599205732, 3780341.620096615049988 ], [ 4587953.201441310346127, 3878435.985309372190386 ], [ 4757857.625926023349166, 3780341.620096615049988 ], [ 4757857.625926023349166, 3584152.889671100769192 ], [ 4587953.201441310346127, 3486058.524458343628794 ] ] ] } },
{ "type": "Feature", "properties": { }, "geometry": { "type": "Polygon", "coordinates": [ [ [ 4757857.625926023349166, -3282452.675221892539412 ], [ 4587953.201441310346127, -3184358.310009135864675 ], [ 4587953.201441310346127, -2988169.579583621583879 ], [ 4757857.625926023349166, -2890075.214370864443481 ], [ 4927762.05041073448956, -2988169.579583621583879 ], [ 4927762.05041073448956, -3184358.310009135864675 ], [ 4757857.625926023349166, -3282452.675221892539412 ] ] ] } },
{ "type": "Feature", "properties": { }, "geometry": { "type": "Polygon", "coordinates": [ [ [ 4757857.625926023349166, -2693886.483945350162685 ], [ 4587953.201441310346127, -2595792.118732593487948 ], [ 4587953.201441310346127, -2399603.388307079207152 ], [ 4757857.625926023349166, -2301509.023094322066754 ], [ 4927762.05041073448956, -2399603.388307079207152 ], [ 4927762.05041073448956, -2595792.118732593487948 ], [ 4757857.625926023349166, -2693886.483945350162685 ] ] ] } },
{ "type": "Feature", "properties": { }, "geometry": { "type": "Polygon", "coordinates": [ [ [ 4757857.625926023349166, -2105320.292668808251619 ], [ 4587953.201441310346127, -2007225.927456051111221 ], [ 4587953.201441310346127, -1811037.197030537063256 ], [ 4757857.625926023349166, -1712942.831817779922858 ], [ 4927762.05041073448956, -1811037.197030537063256 ], [ 4927762.05041073448956, -2007225.927456051111221 ], [ 4757857.625926023349166, -2105320.292668808251619 ] ] ] } },
{ "type": "Feature", "properties": { }, "geometry": { "type": "Polygon", "coordinates": [ [ [ 4757857.625926023349166, -1516754.101392265874892 ], [ 4587953.201441310346127, -1418659.736179508734494 ], [ 4587953.201441310346127, -1222471.005753994453698 ], [ 4757857.625926023349166, -1124376.6405412373133 ], [ 4927762.05041073448956, -1222471.005753994453698 ], [ 4927762.05041073448956, -1418659.736179508734494 ], [ 4757857.625926023349166, -1516754.101392265874892 ] ] ] } },
{ "type": "Feature", "properties": { }, "geometry": { "type": "Polygon", "coordinates": [ [ [ 4757857.625926023349166, -928187.910115723614581 ], [ 4587953.201441310346127, -830093.544902966357768 ], [ 4587953.201441310346127, -633904.814477452542633 ], [ 4757857.625926023349166, -535810.44926469551865 ], [ 4927762.05041073448956, -633904.814477452542633 ], [ 4927762.05041073448956, -830093.544902966357768 ], [ 4757857.625926023349166, -928187.910115723614581 ] ] ] } },
{ "type": "Feature", "properties": { }, "geometry": { "type": "Polygon", "coordinates": [ [ [ 4757857.625926023349166, -339621.718839181237854 ], [ 4587953.201441310346127, -241527.353626423981041 ], [ 4587953.201441310346127, -45338.623200910165906 ], [ 4757857.625926023349166, 52755.742011846887181 ], [ 4927762.05041073448956, -45338.623200910165906 ], [ 4927762.05041073448956, -241527.353626423981041 ], [ 4757857.625926023349166, -339621.718839181237854 ] ] ] } },
{ "type": "Feature", "properties": { }, "geometry": { "type": "Polygon", "coordinates": [ [ [ 4757857.625926023349166, 248944.472437361167977 ], [ 4587953.201441310346127, 347038.837650117930025 ], [ 4587953.201441310346127, 543227.568075632210821 ], [ 4757857.625926023349166, 641321.933288389234804 ], [ 4927762.05041073448956, 543227.568075632210821 ], [ 4927762.05041073448956, 347038.837650117930025 ], [ 4757857.625926023349166, 248944.472437361167977 ] ] ] } },
{ "type": "Feature", "properties": { }, "geometry": { "type": "Polygon", "coordinates": [ [ [ 4757857.625926023349166, 837510.6637139035156 ], [ 4587953.201441310346127, 935605.028926660772413 ], [ 4587953.201441310346127, 1131793.759352175053209 ], [ 4757857.625926023349166, 1229888.124564932193607 ], [ 4927762.05041073448956, 1131793.759352175053209 ], [ 4927762.05041073448956, 935605.028926660772413 ], [ 4757857.625926023349166, 837510.6637139035156 ] ] ] } },
{ "type": "Feature", "properties": { }, "geometry": { "type": "Polygon", "coordinates": [ [ [ 4757857.625926023349166, 1426076.854990445543081 ], [ 4587953.201441310346127, 1524171.220203202683479 ], [ 4587953.201441310346127, 1720359.950628716964275 ], [ 4757857.625926023349166, 1818454.315841474104673 ], [ 4927762.05041073448956, 1720359.950628716964275 ], [ 4927762.05041073448956, 1524171.220203202683479 ], [ 4757857.625926023349166, 1426076.854990445543081 ] ] ] } },
{ "type": "Feature", "properties": { }, "geometry": { "type": "Polygon", "coordinates": [ [ [ 4757857.625926023349166, 2014643.046266988385469 ], [ 4587953.201441310346127, 2112737.411479745525867 ], [ 4587953.201441310346127, 2308926.14190525887534 ], [ 4757857.625926023349166, 2407020.507118016015738 ], [ 4927762.05041073448956, 2308926.14190525887534 ], [ 4927762.05041073448956, 2112737.411479745525867 ], [ 4757857.625926023349166, 2014643.046266988385469 ] ] ] } },
{ "type": "Feature", "properties": { }, "geometry": { "type": "Polygon", "coordinates": [ [ [ 4757857.625926023349166, 2603209.237543530296534 ], [ 4587953.201441310346127, 2701303.602756287436932 ], [ 4587953.201441310346127, 2897492.333181801717728 ], [ 4757857.625926023349166, 2995586.698394558858126 ], [ 4927762.05041073448956, 2897492.333181801717728 ], [ 4927762.05041073448956, 2701303.602756287436932 ], [ 4757857.625926023349166, 2603209.237543530296534 ] ] ] } },
{ "type": "Feature", "properties": { }, "geometry": { "type": "Polygon", "coordinates": [ [ [ 4757857.625926023349166, 3191775.428820073138922 ], [ 4587953.201441310346127, 3289869.794032829347998 ], [ 4587953.201441310346127, 3486058.524458343628794 ], [ 4757857.625926023349166, 3584152.889671100769192 ], [ 4927762.05041073448956, 3486058.524458343628794 ], [ 4927762.05041073448956, 3289869.794032829347998 ], [ 4757857.625926023349166, 3191775.428820073138922 ] ] ] } },
{ "type": "Feature", "properties": { }, "geometry": { "type": "Polygon", "coordinates": [ [ [ 4757857.625926023349166, 3780341.620096615049988 ], [ 4587953.201441310346127, 3878435.985309372190386 ], [ 4587953.201441310346127, 4074624.715734886471182 ], [ 4757857.625926023349166, 4172719.08094764361158 ], [ 4927762.05041073448956, 4074624.715734886471182 ], [ 4927762.05041073448956, 3878435.985309372190386 ], [ 4757857.625926023349166, 3780341.620096615049988 ] ] ] } },
{ "type": "Feature", "properties": { }, "geometry": { "type": "Polygon", "coordinates": [ [ [ 4927762.05041073448956, -3576735.770860163960606 ], [ 4757857.625926023349166, -3478641.405647406820208 ], [ 4757857.625926023349166, -3282452.675221892539412 ], [ 4927762.05041073448956, -3184358.310009135864675 ], [ 5097666.474895447492599, -3282452.675221892539412 ], [ 5097666.474895447492599, -3478641.405647406820208 ], [ 4927762.05041073448956, -3576735.770860163960606 ] ] ] } },
{ "type": "Feature", "properties": { }, "geometry": { "type": "Polygon", "coordinates": [ [ [ 4927762.05041073448956, -2988169.579583621583879 ], [ 4757857.625926023349166, -2890075.214370864443481 ], [ 4757857.625926023349166, -2693886.483945350162685 ], [ 4927762.05041073448956, -2595792.118732593487948 ], [ 5097666.474895447492599, -2693886.483945350162685 ], [ 5097666.474895447492599, -2890075.214370864443481 ], [ 4927762.05041073448956, -2988169.579583621583879 ] ] ] } },
{ "type": "Feature", "properties": { }, "geometry": { "type": "Polygon", "coordinates": [ [ [ 4927762.05041073448956, -2399603.388307079207152 ], [ 4757857.625926023349166, -2301509.023094322066754 ], [ 4757857.625926023349166, -2105320.292668808251619 ], [ 4927762.05041073448956, -2007225.927456051111221 ], [ 5097666.474895447492599, -2105320.292668808251619 ], [ 5097666.474895447492599, -2301509.023094322066754 ], [ 4927762.05041073448956, -2399603.388307079207152 ] ] ] } },
{ "type": "Feature", "properties": { }, "geometry": { "type": "Polygon", "coordinates": [ [ [ 4927762.05041073448956, -1811037.197030537063256 ], [ 4757857.625926023349166, -1712942.831817779922858 ], [ 4757857.625926023349166, -1516754.101392265874892 ], [ 4927762.05041073448956, -1418659.736179508734494 ], [ 5097666.474895447492599, -1516754.101392265874892 ], [ 5097666.474895447492599, -1712942.831817779922858 ], [ 4927762.05041073448956, -1811037.197030537063256 ] ] ] } },
{ "type": "Feature", "properties": { }, "geometry": { "type": "Polygon", "coordinates": [ [ [ 4927762.05041073448956, -1222471.005753994453698 ], [ 4757857.625926023349166, -1124376.6405412373133 ], [ 4757857.625926023349166, -928187.910115723614581 ], [ 4927762.05041073448956, -830093.544902966357768 ], [ 5097666.474895447492599, -928187.910115723614581 ], [ 5097666.474895447492599, -1124376.6405412373133 ], [ 4927762.05041073448956, -1222471.005753994453698 ] ] ] } },
{ "type": "Feature", "properties": { }, "geometry": { "type": "Polygon", "coordinates": [ [ [ 4927762.05041073448956, -633904.814477452542633 ], [ 4757857.625926023349166, -535810.44926469551865 ], [ 4757857.625926023349166, -339621.718839181237854 ], [ 4927762.05041073448956, -241527.353626423981041 ], [ 5097666.474895447492599, -339621.718839181237854 ], [ 5097666.474895447492599, -535810.44926469551865 ], [ 4927762.05041073448956, -633904.814477452542633 ] ] ] } },
{ "type": "Feature", "properties": { }, "geometry": { "type": "Polygon", "coordinates": [ [ [ 4927762.05041073448956, -45338.623200910165906 ], [ 4757857.625926023349166, 52755.742011846887181 ], [ 4757857.625926023349166, 248944.472437361167977 ], [ 4927762.05041073448956, 347038.837650117930025 ], [ 5097666.474895447492599, 248944.472437361167977 ], [ 5097666.474895447492599, 52755.742011846887181 ], [ 4927762.05041073448956, -45338.623200910165906 ] ] ] } },
{ "type": "Feature", "properties": { }, "geometry": { "type": "Polygon", "coordinates": [ [ [ 4927762.05041073448956, 543227.568075632210821 ], [ 4757857.625926023349166, 641321.933288389234804 ], [ 4757857.625926023349166, 837510.6637139035156 ], [ 4927762.05041073448956, 935605.028926660772413 ], [ 5097666.474895447492599, 837510.6637139035156 ], [ 5097666.474895447492599, 641321.933288389234804 ], [ 4927762.05041073448956, 543227.568075632210821 ] ] ] } },
{ "type": "Feature", "properties": { }, "geometry": { "type": "Polygon", "coordinates": [ [ [ 4927762.05041073448956, 1131793.759352175053209 ], [ 4757857.625926023349166, 1229888.124564932193607 ], [ 4757857.625926023349166, 1426076.854990445543081 ], [ 4927762.05041073448956, 1524171.220203202683479 ], [ 5097666.474895447492599, 1426076.854990445543081 ], [ 5097666.474895447492599, 1229888.124564932193607 ], [ 4927762.05041073448956, 1131793.759352175053209 ] ] ] } },
{ "type": "Feature", "properties": { }, "geometry": { "type": "Polygon", "coordinates": [ [ [ 4927762.05041073448956, 1720359.950628716964275 ], [ 4757857.625926023349166, 1818454.315841474104673 ], [ 4757857.625926023349166, 2014643.046266988385469 ], [ 4927762.05041073448956, 2112737.411479745525867 ], [ 5097666.474895447492599, 2014643.046266988385469 ], [ 5097666.474895447492599, 1818454.315841474104673 ], [ 4927762.05041073448956, 1720359.950628716964275 ] ] ] } },
{ "type": "Feature", "properties": { }, "geometry": { "type": "Polygon", "coordinates": [ [ [ 4927762.05041073448956, 2308926.14190525887534 ], [ 4757857.625926023349166, 2407020.507118016015738 ], [ 4757857.625926023349166, 2603209.237543530296534 ], [ 4927762.05041073448956, 2701303.602756287436932 ], [ 5097666.474895447492599, 2603209.237543530296534 ], [ 5097666.474895447492599, 2407020.507118016015738 ], [ 4927762.05041073448956, 2308926.14190525887534 ] ] ] } },
{ "type": "Feature", "properties": { }, "geometry": { "type": "Polygon", "coordinates": [ [ [ 4927762.05041073448956, 2897492.333181801717728 ], [ 4757857.625926023349166, 2995586.698394558858126 ], [ 4757857.625926023349166, 3191775.428820073138922 ], [ 4927762.05041073448956, 3289869.794032829347998 ], [ 5097666.474895447492599, 3191775.428820073138922 ], [ 5097666.474895447492599, 2995586.698394558858126 ], [ 4927762.05041073448956, 2897492.333181801717728 ] ] ] } },
{ "type": "Feature", "properties": { }, "geometry": { "type": "Polygon", "coordinates": [ [ [ 4927762.05041073448956, 3486058.524458343628794 ], [ 4757857.625926023349166, 3584152.889671100769192 ], [ 4757857.625926023349166, 3780341.620096615049988 ], [ 4927762.05041073448956, 3878435.985309372190386 ], [ 5097666.474895447492599, 3780341.620096615049988 ], [ 5097666.474895447492599, 3584152.889671100769192 ], [ 4927762.05041073448956, 3486058.524458343628794 ] ] ] } },
{ "type": "Feature", "properties": { }, "geometry": { "type": "Polygon", "coordinates": [ [ [ 5097666.474895447492599, -3282452.675221892539412 ], [ 4927762.05041073448956, -3184358.310009135864675 ], [ 4927762.05041073448956, -2988169.579583621583879 ], [ 5097666.474895447492599, -2890075.214370864443481 ], [ 5267570.899380160495639, -2988169.579583621583879 ], [ 5267570.899380160495639, -3184358.310009135864675 ], [ 5097666.474895447492599, -3282452.675221892539412 ] ] ] } },
{ "type": "Feature", "properties": { }, "geometry": { "type": "Polygon", "coordinates": [ [ [ 5097666.474895447492599, -2693886.483945350162685 ], [ 4927762.05041073448956, -2595792.118732593487948 ], [ 4927762.05041073448956, -2399603.388307079207152 ], [ 5097666.474895447492599, -2301509.023094322066754 ], [ 5267570.899380160495639, -2399603.388307079207152 ], [ 5267570.899380160495639, -2595792.118732593487948 ], [ 5097666.474895447492599, -2693886.483945350162685 ] ] ] } },
{ "type": "Feature", "properties": { }, "geometry": { "type": "Polygon", "coordinates": [ [ [ 5097666.474895447492599, -2105320.292668808251619 ], [ 4927762.05041073448956, -2007225.927456051111221 ], [ 4927762.05041073448956, -1811037.197030537063256 ], [ 5097666.474895447492599, -1712942.831817779922858 ], [ 5267570.899380160495639, -1811037.197030537063256 ], [ 5267570.899380160495639, -2007225.927456051111221 ], [ 5097666.474895447492599, -2105320.292668808251619 ] ] ] } },
{ "type": "Feature", "properties": { }, "geometry": { "type": "Polygon", "coordinates": [ [ [ 5097666.474895447492599, -1516754.101392265874892 ], [ 4927762.05041073448956, -1418659.736179508734494 ], [ 4927762.05041073448956, -1222471.005753994453698 ], [ 5097666.474895447492599, -1124376.6405412373133 ], [ 5267570.899380160495639, -1222471.005753994453698 ], [ 5267570.899380160495639, -1418659.736179508734494 ], [ 5097666.474895447492599, -1516754.101392265874892 ] ] ] } },
{ "type": "Feature", "properties": { }, "geometry": { "type": "Polygon", "coordinates": [ [ [ 5097666.474895447492599, -928187.910115723614581 ], [ 4927762.05041073448956, -830093.544902966357768 ], [ 4927762.05041073448956, -633904.814477452542633 ], [ 5097666.474895447492599, -535810.44926469551865 ], [ 5267570.899380160495639, -633904.814477452542633 ], [ 5267570.899380160495639, -830093.544902966357768 ], [ 5097666.474895447492599, -928187.910115723614581 ] ] ] } },
{ "type": "Feature", "properties": { }, "geometry": { "type": "Polygon", "coordinates": [ [ [ 5097666.474895447492599, -339621.718839181237854 ], [ 4927762.05041073448956, -241527.353626423981041 ], [ 4927762.05041073448956, -45338.623200910165906 ], [ 5097666.474895447492599, 52755.742011846887181 ], [ 5267570.899380160495639, -45338.623200910165906 ], [ 5267570.899380160495639, -241527.353626423981041 ], [ 5097666.474895447492599, -339621.718839181237854 ] ] ] } },
{ "type": "Feature", "properties": { }, "geometry": { "type": "Polygon", "coordinates": [ [ [ 5097666.474895447492599, 248944.472437361167977 ], [ 4927762.05041073448956, 347038.837650117930025 ], [ 4927762.05041073448956, 543227.568075632210821 ], [ 5097666.474895447492599, 641321.933288389234804 ], [ 5267570.899380160495639, 543227.568075632210821 ], [ 5267570.899380160495639, 347038.837650117930025 ], [ 5097666.474895447492599, 248944.472437361167977 ] ] ] } },
{ "type": "Feature", "properties": { }, "geometry": { "type": "Polygon", "coordinates": [ [ [ 5097666.474895447492599, 837510.6637139035156 ], [ 4927762.05041073448956, 935605.028926660772413 ], [ 4927762.05041073448956, 1131793.759352175053209 ], [ 5097666.474895447492599, 1229888.124564932193607 ], [ 5267570.899380160495639, 1131793.759352175053209 ], [ 5267570.899380160495639, 935605.028926660772413 ], [ 5097666.474895447492599, 837510.6637139035156 ] ] ] } },
{ "type": "Feature", "properties": { }, "geometry": { "type": "Polygon", "coordinates": [ [ [ 5097666.474895447492599, 1426076.854990445543081 ], [ 4927762.05041073448956, 1524171.220203202683479 ], [ 4927762.05041073448956, 1720359.950628716964275 ], [ 5097666.474895447492599, 1818454.315841474104673 ], [ 5267570.899380160495639, 1720359.950628716964275 ], [ 5267570.899380160495639, 1524171.220203202683479 ], [ 5097666.474895447492599, 1426076.854990445543081 ] ] ] } },
{ "type": "Feature", "properties": { }, "geometry": { "type": "Polygon", "coordinates": [ [ [ 5097666.474895447492599, 2014643.046266988385469 ], [ 4927762.05041073448956, 2112737.411479745525867 ], [ 4927762.05041073448956, 2308926.14190525887534 ], [ 5097666.474895447492599, 2407020.507118016015738 ], [ 5267570.899380160495639, 2308926.14190525887534 ], [ 5267570.899380160495639, 2112737.411479745525867 ], [ 5097666.474895447492599, 2014643.046266988385469 ] ] ] } },
{ "type": "Feature", "properties": { }, "geometry": { "type": "Polygon", "coordinates": [ [ [ 5097666.474895447492599, 2603209.237543530296534 ], [ 4927762.05041073448956, 2701303.602756287436932 ], [ 4927762.05041073448956, 2897492.333181801717728 ], [ 5097666.474895447492599, 2995586.698394558858126 ], [ 5267570.899380160495639, 2897492.333181801717728 ], [ 5267570.899380160495639, 2701303.602756287436932 ], [ 5097666.474895447492599, 2603209.237543530296534 ] ] ] } },
{ "type": "Feature", "properties": { }, "geometry": { "type": "Polygon", "coordinates": [ [ [ 5097666.474895447492599, 3191775.428820073138922 ], [ 4927762.05041073448956, 3289869.794032829347998 ], [ 4927762.05041073448956, 3486058.524458343628794 ], [ 5097666.474895447492599, 3584152.889671100769192 ], [ 5267570.899380160495639, 3486058.524458343628794 ], [ 5267570.899380160495639, 3289869.794032829347998 ], [ 5097666.474895447492599, 3191775.428820073138922 ] ] ] } },
{ "type": "Feature", "properties": { }, "geometry": { "type": "Polygon", "coordinates": [ [ [ 5097666.474895447492599, 3780341.620096615049988 ], [ 4927762.05041073448956, 3878435.985309372190386 ], [ 4927762.05041073448956, 4074624.715734886471182 ], [ 5097666.474895447492599, 4172719.08094764361158 ], [ 5267570.899380160495639, 4074624.715734886471182 ], [ 5267570.899380160495639, 3878435.985309372190386 ], [ 5097666.474895447492599, 3780341.620096615049988 ] ] ] } }
]
}
